enrollment_id,student_id,course_id,enrollment_date
1,169,21,5/20/2025
2,237,25,10/17/2024
3,936,39,11/15/2024
4,1408,29,8/19/2024
5,1135,27,10/24/2024
6,1752,28,7/12/2024
7,1755,5,5/2/2025
8,1924,24,7/2/2024
9,27,32,4/17/2024
10,812,29,6/19/2025
11,1349,6,5/2/2024
12,294,26,2/14/2025
13,1424,38,4/14/2024
14,1519,11,3/7/2024
15,745,13,12/12/2024
16,411,39,2/17/2025
17,252,15,3/10/2025
18,1486,32,10/12/2024
19,1567,38,8/30/2025
20,560,26,12/30/2024
21,975,39,2/18/2025
22,993,33,10/12/2024
23,302,30,4/20/2024
24,251,17,5/16/2025
25,1019,15,10/5/2025
26,1931,9,1/31/2024
27,204,4,3/10/2024
28,1021,2,7/2/2024
29,784,39,11/30/2024
30,313,20,9/28/2025
31,1277,7,3/19/2024
32,1354,34,5/19/2025
33,1624,30,7/25/2024
34,602,32,5/17/2025
35,1034,17,7/9/2025
36,704,35,7/13/2025
37,37,3,3/16/2025
38,1803,8,1/27/2025
39,922,21,1/20/2025
40,907,30,2/6/2024
41,68,12,7/24/2025
42,1351,20,6/17/2024
43,1007,28,5/17/2024
44,640,25,5/14/2025
45,1565,8,8/5/2025
46,1383,32,7/21/2025
47,1404,35,8/8/2025
48,963,31,7/29/2025
49,1750,11,6/2/2025
50,115,26,9/26/2024
51,1014,38,1/21/2025
52,1264,23,10/18/2024
53,657,4,1/29/2024
54,1210,3,5/11/2024
55,1715,24,12/23/2024
56,1658,38,1/28/2024
57,1568,22,1/24/2025
58,200,28,12/19/2024
59,732,27,12/25/2024
60,116,16,9/10/2024
61,481,20,8/29/2025
62,174,5,11/8/2024
63,235,22,6/22/2024
64,41,35,11/29/2024
65,77,30,11/4/2025
66,1769,28,8/4/2025
67,1055,27,9/30/2024
68,42,31,8/25/2025
69,46,21,1/21/2025
70,1169,25,11/26/2024
71,1173,7,5/15/2025
72,205,14,12/10/2024
73,1018,33,12/13/2024
74,342,40,11/2/2024
75,745,28,7/25/2024
76,1018,5,7/2/2025
77,439,19,9/28/2024
78,98,20,8/10/2025
79,824,15,10/1/2025
80,1522,6,8/15/2025
81,195,38,12/10/2024
82,560,5,8/3/2025
83,1641,34,5/1/2025
84,875,14,12/21/2024
85,1630,5,10/29/2025
86,1688,20,5/31/2025
87,1647,20,3/19/2025
88,1359,35,11/16/2024
89,410,27,2/15/2025
90,515,40,6/11/2025
91,929,36,7/3/2024
92,1805,2,10/4/2025
93,1441,34,7/10/2024
94,1182,32,8/6/2024
95,1354,30,10/1/2024
96,1920,35,9/21/2025
97,1747,28,8/2/2025
98,1489,4,6/18/2025
99,411,24,4/18/2025
100,303,16,6/3/2024
101,1529,20,3/21/2025
102,841,21,3/6/2024
103,1299,14,2/26/2025
104,547,19,10/23/2025
105,329,17,9/7/2025
106,484,26,9/1/2024
107,233,10,7/15/2024
108,57,16,11/13/2024
109,951,32,7/27/2025
110,894,28,10/24/2025
111,1855,3,7/25/2024
112,327,18,5/19/2024
113,60,17,10/11/2024
114,1349,36,6/29/2024
115,1320,3,5/12/2025
116,1603,2,2/26/2024
117,1761,6,11/17/2024
118,1233,20,3/6/2024
119,1845,27,1/7/2025
120,1376,6,2/10/2025
121,1932,9,8/29/2024
122,230,37,5/27/2025
123,1911,8,6/18/2025
124,1361,38,6/21/2025
125,516,32,4/2/2024
126,488,39,5/5/2024
127,1584,21,12/3/2024
128,1705,38,2/3/2025
129,1651,16,3/9/2025
130,447,10,4/19/2024
131,359,14,10/8/2024
132,901,27,9/17/2024
133,1768,38,2/27/2024
134,1005,35,1/18/2025
135,1433,8,11/20/2024
136,1118,28,5/1/2025
137,1399,16,10/11/2024
138,1802,10,1/6/2025
139,974,24,11/11/2024
140,44,39,2/5/2024
141,1724,4,9/2/2024
142,519,36,1/28/2025
143,634,24,5/4/2024
144,1096,16,3/29/2025
145,796,1,2/6/2025
146,1900,17,11/4/2024
147,185,16,10/31/2024
148,431,11,3/25/2025
149,1294,21,10/21/2025
150,833,3,10/7/2024
151,1775,6,5/18/2025
152,965,27,12/6/2024
153,1470,28,4/12/2024
154,1689,11,9/24/2024
155,1037,5,12/26/2024
156,862,39,7/14/2025
157,1511,21,4/9/2025
158,1424,2,2/23/2024
159,1314,12,10/7/2025
160,909,9,1/4/2024
161,821,13,10/5/2025
162,626,21,8/12/2025
163,169,8,6/10/2024
164,512,34,10/26/2025
165,1563,9,8/31/2025
166,1405,27,11/23/2024
167,925,31,5/16/2024
168,534,12,8/30/2025
169,1694,21,10/15/2024
170,407,6,2/28/2025
171,753,12,2/6/2025
172,1795,25,8/7/2025
173,460,2,1/24/2024
174,1891,36,10/24/2025
175,1254,15,4/1/2024
176,1996,30,7/22/2024
177,537,11,2/20/2024
178,822,40,3/15/2025
179,1230,17,6/1/2024
180,183,24,6/23/2024
181,1940,37,4/30/2024
182,29,34,3/21/2025
183,1584,30,5/21/2025
184,243,15,7/27/2024
185,391,18,10/21/2024
186,1529,32,1/26/2025
187,267,28,7/30/2024
188,1229,14,10/16/2024
189,1489,13,3/4/2025
190,370,27,5/29/2024
191,59,19,9/25/2024
192,483,40,4/6/2025
193,1859,16,1/13/2025
194,1194,30,3/28/2024
195,22,31,5/16/2024
196,1785,21,2/11/2025
197,1407,14,1/27/2025
198,1451,28,9/3/2025
199,525,5,4/7/2024
200,1141,4,2/23/2024
201,682,16,4/27/2025
202,1861,23,9/12/2025
203,1924,39,2/16/2024
204,11,17,5/31/2025
205,1270,25,11/5/2024
206,809,24,5/15/2024
207,1983,36,2/12/2024
208,1189,12,9/23/2024
209,348,33,5/19/2025
210,1906,22,4/24/2025
211,271,6,11/20/2024
212,1455,34,3/19/2025
213,291,17,4/29/2024
214,642,3,5/10/2024
215,1023,18,1/4/2025
216,1897,28,10/16/2024
217,1849,17,9/19/2025
218,1699,17,6/13/2025
219,642,28,6/17/2024
220,647,32,6/3/2024
221,1139,29,2/24/2024
222,387,10,2/25/2024
223,471,12,2/6/2024
224,964,17,6/16/2024
225,1446,30,3/22/2025
226,238,32,2/11/2024
227,905,23,7/28/2025
228,994,30,5/19/2025
229,231,10,5/6/2024
230,716,6,7/27/2024
231,1779,19,7/3/2024
232,1710,11,6/4/2025
233,1685,18,7/30/2025
234,1825,38,8/5/2024
235,1196,1,6/22/2025
236,1571,37,7/3/2024
237,853,5,9/9/2024
238,1574,32,4/6/2024
239,1818,22,1/27/2024
240,583,8,2/7/2025
241,766,38,4/18/2024
242,1715,21,6/6/2024
243,60,6,4/16/2025
244,1702,31,4/9/2025
245,1287,18,8/31/2025
246,1348,1,12/3/2024
247,1987,3,11/2/2025
248,1275,29,11/28/2024
249,1941,37,5/12/2024
250,433,4,10/21/2025
251,580,21,2/26/2024
252,1524,5,7/14/2025
253,1950,39,1/25/2025
254,190,26,9/18/2024
255,365,16,2/12/2025
256,183,2,8/1/2024
257,334,25,2/16/2025
258,584,10,5/3/2024
259,612,32,3/18/2025
260,1508,20,9/9/2025
261,269,23,4/8/2024
262,1705,24,6/8/2025
263,410,32,4/1/2025
264,1814,25,5/2/2025
265,550,37,9/6/2025
266,867,6,3/8/2025
267,1661,24,9/20/2025
268,382,28,10/7/2025
269,873,6,2/11/2024
270,1052,22,4/19/2025
271,1386,15,10/25/2025
272,1406,10,5/22/2025
273,1080,34,3/26/2024
274,596,30,3/23/2025
275,163,31,11/3/2024
276,305,9,11/3/2024
277,1724,16,6/19/2025
278,876,19,8/5/2025
279,98,36,3/19/2024
280,1879,3,6/9/2025
281,221,33,3/11/2025
282,846,7,4/20/2025
283,1354,37,9/16/2024
284,728,17,8/22/2025
285,168,33,1/17/2024
286,234,30,7/2/2024
287,1611,12,2/6/2025
288,93,6,3/2/2025
289,1796,20,11/17/2024
290,1203,30,4/5/2025
291,1278,17,12/15/2024
292,1980,12,8/4/2024
293,380,6,9/10/2025
294,532,7,3/20/2025
295,1095,2,1/6/2024
296,809,8,1/14/2024
297,352,31,4/16/2025
298,1417,26,11/4/2025
299,1978,39,5/13/2025
300,621,40,9/23/2025
301,739,26,11/5/2024
302,180,9,5/18/2024
303,29,13,4/24/2024
304,1672,2,7/11/2024
305,1760,2,8/2/2024
306,986,10,10/27/2025
307,496,28,10/3/2025
308,1758,35,7/14/2024
309,177,20,4/19/2025
310,304,31,3/8/2025
311,45,8,6/19/2024
312,1849,10,3/31/2025
313,1974,32,4/27/2025
314,41,29,8/22/2025
315,497,13,10/28/2024
316,1167,26,2/22/2024
317,684,1,4/15/2024
318,1292,28,3/1/2025
319,1738,32,8/15/2025
320,1221,36,10/24/2024
321,76,32,2/13/2025
322,996,33,8/28/2025
323,1485,40,5/14/2025
324,475,4,6/24/2025
325,39,28,8/13/2025
326,647,36,3/6/2024
327,549,27,4/29/2025
328,240,32,9/29/2025
329,1923,23,4/4/2025
330,1429,28,1/22/2024
331,331,19,7/15/2024
332,962,23,3/24/2025
333,476,33,8/12/2024
334,1204,22,9/8/2025
335,1748,30,5/14/2024
336,1809,19,2/3/2025
337,1966,27,10/30/2025
338,1505,24,4/28/2025
339,1638,11,9/28/2025
340,425,19,3/29/2024
341,1367,31,5/12/2024
342,355,13,6/9/2024
343,1241,32,4/13/2024
344,1626,27,5/20/2025
345,622,16,8/2/2024
346,1141,4,1/19/2024
347,735,17,12/31/2024
348,1387,11,6/27/2024
349,1696,33,2/2/2024
350,1653,5,12/11/2024
351,882,8,9/24/2025
352,465,8,7/29/2025
353,459,32,9/21/2024
354,697,23,2/17/2024
355,1578,36,9/30/2024
356,1836,10,6/11/2025
357,1238,7,2/21/2024
358,1898,29,4/13/2025
359,1972,8,4/18/2024
360,1601,40,9/16/2025
361,1602,7,7/29/2025
362,86,33,4/17/2024
363,343,8,7/29/2024
364,1866,24,6/9/2024
365,1492,19,3/28/2025
366,1561,33,5/25/2025
367,1501,7,6/6/2024
368,1326,24,12/8/2024
369,1678,9,5/5/2024
370,1738,13,3/25/2025
371,1986,27,1/7/2024
372,503,31,12/15/2024
373,588,33,6/24/2024
374,175,18,1/16/2025
375,1465,27,1/4/2025
376,1290,16,6/4/2024
377,1543,34,3/7/2025
378,1613,15,5/21/2024
379,1643,28,2/27/2025
380,1881,27,4/14/2025
381,1950,34,1/5/2025
382,1933,2,3/29/2025
383,299,1,6/13/2025
384,1933,5,3/27/2024
385,693,21,2/15/2025
386,1582,11,3/20/2025
387,126,26,2/7/2024
388,1353,10,8/11/2025
389,119,34,10/29/2024
390,859,26,7/20/2025
391,1790,20,11/17/2024
392,1863,23,1/9/2024
393,1694,18,6/24/2025
394,1251,10,2/17/2025
395,914,14,7/11/2025
396,1279,40,10/29/2025
397,906,23,10/26/2025
398,829,13,11/4/2024
399,173,3,7/4/2025
400,686,25,5/9/2024
401,1066,35,10/17/2024
402,438,6,6/7/2025
403,1131,20,6/17/2025
404,698,11,1/24/2024
405,58,35,8/29/2025
406,530,16,11/7/2024
407,1488,28,6/1/2025
408,227,4,1/16/2025
409,532,33,12/28/2024
410,254,4,10/28/2025
411,1928,8,4/4/2025
412,611,37,1/6/2024
413,929,22,8/29/2024
414,1650,38,8/2/2025
415,1464,35,9/1/2025
416,479,23,11/2/2024
417,583,37,5/23/2024
418,1463,25,6/16/2025
419,1511,16,4/17/2024
420,672,34,8/19/2025
421,395,24,4/10/2025
422,201,10,3/11/2025
423,1697,27,3/24/2024
424,189,4,3/11/2025
425,1820,9,5/2/2025
426,440,29,3/20/2024
427,757,34,2/16/2025
428,1205,36,6/15/2025
429,1596,26,9/27/2024
430,1197,32,10/13/2025
431,868,29,5/16/2025
432,1499,27,6/15/2024
433,296,33,5/10/2024
434,993,30,5/12/2024
435,1983,33,6/25/2025
436,242,14,4/11/2025
437,970,3,6/9/2024
438,1934,36,1/13/2025
439,1888,8,9/8/2025
440,1746,27,4/22/2024
441,248,24,8/8/2025
442,594,3,6/19/2025
443,314,8,1/15/2025
444,625,24,11/6/2024
445,603,32,1/29/2024
446,1621,10,5/25/2024
447,1606,38,3/7/2025
448,100,20,10/17/2024
449,442,12,5/15/2025
450,5,8,7/14/2025
451,715,5,2/15/2024
452,856,31,8/9/2025
453,635,37,4/8/2025
454,1844,22,1/21/2025
455,974,39,5/15/2024
456,1561,9,5/31/2025
457,1304,30,4/5/2025
458,1367,29,6/1/2024
459,1775,21,4/1/2024
460,1639,40,9/30/2025
461,839,25,8/26/2024
462,1844,26,12/13/2024
463,1108,3,3/29/2025
464,1508,18,10/23/2025
465,182,11,1/26/2024
466,1172,20,7/28/2025
467,1322,8,10/21/2025
468,1146,6,7/16/2024
469,1957,40,7/8/2025
470,1182,4,8/6/2025
471,1069,13,5/2/2025
472,1030,2,5/3/2024
473,1349,35,7/3/2024
474,1971,2,10/8/2024
475,1612,14,9/8/2024
476,1700,38,3/30/2025
477,174,35,9/13/2025
478,657,26,8/26/2025
479,93,32,1/24/2024
480,697,28,7/3/2024
481,850,2,6/24/2025
482,650,25,9/20/2024
483,187,8,4/11/2024
484,1110,11,10/19/2024
485,295,12,9/18/2024
486,1574,6,6/6/2024
487,629,27,6/22/2024
488,121,40,11/29/2024
489,372,2,2/29/2024
490,611,25,4/11/2024
491,656,10,2/26/2025
492,1829,21,9/21/2024
493,770,8,2/23/2024
494,415,16,9/3/2025
495,1201,16,5/19/2025
496,1042,33,1/29/2025
497,1945,8,10/2/2024
498,125,21,4/20/2025
499,1133,27,3/8/2024
500,992,2,2/21/2025
501,1298,15,1/20/2024
502,552,36,8/23/2025
503,1383,7,9/9/2024
504,1563,36,10/29/2025
505,1609,9,11/7/2024
506,1164,27,4/1/2025
507,172,33,7/27/2024
508,1604,10,1/17/2025
509,1107,11,9/8/2024
510,1101,28,7/22/2025
511,926,3,1/2/2024
512,1665,30,9/27/2025
513,593,11,1/1/2024
514,124,31,10/6/2024
515,1225,17,1/24/2025
516,720,14,8/22/2025
517,1722,33,10/15/2024
518,94,11,6/30/2025
519,1154,5,11/3/2024
520,184,26,5/5/2024
521,1701,9,7/23/2025
522,573,28,8/3/2024
523,1251,33,11/21/2024
524,1811,22,10/12/2025
525,536,29,10/6/2024
526,504,21,12/15/2024
527,432,30,9/5/2025
528,673,2,5/16/2024
529,1324,1,9/15/2025
530,976,1,1/10/2024
531,1378,12,2/27/2025
532,1139,32,2/6/2025
533,1103,6,10/26/2025
534,1334,5,7/5/2025
535,64,29,5/6/2024
536,723,25,9/7/2025
537,734,25,6/30/2024
538,1719,1,5/7/2024
539,948,24,7/16/2024
540,911,1,8/14/2024
541,1522,2,10/14/2024
542,1394,23,7/15/2024
543,185,40,10/2/2025
544,621,15,8/27/2024
545,1012,24,2/7/2024
546,575,32,9/12/2025
547,429,1,7/19/2024
548,1682,26,4/23/2024
549,1782,18,8/5/2025
550,1025,32,6/23/2024
551,1131,13,8/2/2025
552,1377,39,8/1/2025
553,360,5,8/25/2025
554,263,5,5/10/2024
555,532,37,8/21/2024
556,1805,34,10/7/2024
557,393,2,6/29/2025
558,1259,17,7/27/2025
559,1809,30,1/3/2024
560,1921,28,10/18/2025
561,1379,4,11/26/2024
562,886,27,10/7/2024
563,250,34,4/22/2025
564,1015,24,6/13/2025
565,1555,3,8/17/2024
566,97,18,3/6/2025
567,1091,29,11/19/2024
568,11,26,7/18/2024
569,686,6,8/8/2025
570,1655,2,8/19/2024
571,1413,28,3/17/2024
572,1879,16,7/20/2024
573,337,22,11/14/2024
574,129,7,1/29/2024
575,983,28,1/25/2024
576,1214,22,9/13/2024
577,507,7,4/29/2025
578,489,22,2/25/2024
579,1683,22,6/16/2025
580,1627,16,3/15/2024
581,1589,39,9/26/2025
582,899,7,10/2/2025
583,915,38,5/7/2024
584,176,4,2/4/2024
585,773,21,3/7/2024
586,1603,9,3/4/2024
587,1883,29,2/26/2024
588,618,40,10/3/2025
589,885,5,4/14/2024
590,1388,4,7/26/2025
591,107,19,1/25/2025
592,823,7,9/24/2025
593,1541,27,8/26/2024
594,1771,39,9/30/2025
595,22,30,1/28/2025
596,951,28,9/27/2025
597,1269,7,12/13/2024
598,1334,2,4/9/2025
599,1060,22,8/24/2025
600,395,7,4/15/2024
601,26,39,3/10/2024
602,1215,13,8/9/2025
603,259,33,9/19/2024
604,728,27,5/7/2025
605,1485,40,3/31/2025
606,381,16,5/20/2024
607,1633,3,3/2/2024
608,262,20,8/21/2025
609,893,33,10/29/2025
610,1545,23,11/14/2024
611,1196,35,5/29/2024
612,302,31,11/12/2024
613,1236,22,10/25/2024
614,756,1,6/14/2025
615,1202,10,2/28/2024
616,487,33,7/26/2025
617,1759,4,3/8/2025
618,705,13,7/24/2024
619,1312,13,3/11/2024
620,700,13,5/2/2025
621,1423,30,9/6/2025
622,1419,22,8/15/2025
623,1160,22,9/22/2025
624,614,27,12/2/2024
625,333,7,4/10/2025
626,1795,3,5/22/2025
627,450,1,10/16/2025
628,457,15,4/22/2025
629,1278,14,9/1/2024
630,985,22,1/19/2025
631,421,26,7/7/2024
632,1692,1,1/6/2025
633,21,5,1/1/2025
634,62,36,4/27/2024
635,292,19,3/26/2025
636,399,38,1/3/2025
637,90,2,7/22/2024
638,406,19,6/27/2024
639,449,17,6/27/2024
640,696,36,9/8/2024
641,366,13,1/23/2024
642,361,17,4/13/2024
643,43,9,1/23/2025
644,1342,8,12/12/2024
645,1918,14,11/8/2024
646,935,16,1/13/2025
647,1658,24,6/24/2024
648,1928,34,9/30/2025
649,1806,28,3/7/2024
650,243,10,5/13/2024
651,1628,13,7/15/2024
652,1091,25,1/18/2025
653,652,39,3/15/2025
654,1303,16,2/17/2024
655,1563,40,8/24/2025
656,388,35,10/28/2024
657,1618,10,12/1/2024
658,507,4,10/6/2025
659,1630,18,5/9/2024
660,1744,33,8/21/2025
661,1815,32,8/2/2024
662,1490,6,4/26/2025
663,1620,40,3/7/2024
664,343,33,2/1/2025
665,1539,33,1/18/2025
666,1022,34,4/20/2025
667,367,21,1/17/2025
668,1077,31,5/21/2025
669,971,18,8/18/2025
670,822,38,10/27/2025
671,75,14,8/12/2024
672,1833,13,4/7/2025
673,1768,16,2/9/2025
674,448,20,3/11/2025
675,1821,25,8/8/2025
676,322,24,9/17/2024
677,1128,6,5/17/2024
678,1540,6,10/29/2024
679,911,34,12/26/2024
680,472,38,2/12/2024
681,953,33,9/28/2025
682,689,28,4/6/2025
683,958,28,2/22/2025
684,753,32,11/20/2024
685,560,25,1/26/2024
686,368,29,8/27/2024
687,544,5,1/2/2025
688,1847,6,10/28/2024
689,1726,33,6/9/2025
690,1120,6,10/10/2024
691,1898,15,4/10/2024
692,243,5,1/3/2025
693,79,35,7/24/2024
694,684,13,12/3/2024
695,513,20,10/8/2024
696,391,39,5/21/2024
697,1752,35,9/24/2024
698,18,20,10/15/2024
699,1685,23,2/17/2025
700,1938,26,8/16/2025
701,1552,1,4/28/2025
702,1340,33,6/1/2024
703,1773,26,8/21/2024
704,465,14,4/30/2025
705,479,34,8/24/2025
706,1610,36,4/24/2025
707,1480,30,12/14/2024
708,1622,6,11/16/2024
709,1733,13,3/15/2025
710,1578,27,8/2/2024
711,899,29,7/25/2025
712,62,24,5/22/2024
713,1183,9,11/8/2024
714,1932,1,5/26/2025
715,1660,23,12/13/2024
716,462,27,3/11/2025
717,1405,26,7/4/2025
718,614,21,8/24/2025
719,48,37,2/2/2024
720,1889,9,6/6/2024
721,1952,22,8/4/2025
722,1290,39,9/14/2025
723,1176,26,1/25/2025
724,419,26,3/6/2024
725,1095,25,7/11/2024
726,973,7,12/2/2024
727,1167,29,10/16/2025
728,1833,20,4/5/2024
729,352,7,7/20/2025
730,364,3,9/9/2025
731,1001,2,7/10/2024
732,408,5,1/30/2025
733,582,14,8/26/2024
734,597,34,3/12/2024
735,932,4,1/12/2025
736,1062,1,6/24/2024
737,670,27,2/4/2025
738,322,8,5/12/2024
739,1099,27,5/4/2025
740,1522,5,2/2/2025
741,1957,14,5/13/2024
742,1783,14,11/13/2024
743,886,31,6/11/2024
744,1237,37,11/13/2024
745,1204,13,5/29/2025
746,1468,30,10/9/2024
747,414,1,5/26/2024
748,913,5,2/12/2025
749,1239,16,6/22/2025
750,674,37,5/17/2025
751,943,30,8/12/2025
752,81,6,10/21/2024
753,1324,30,12/21/2024
754,1435,20,2/4/2025
755,1256,12,3/1/2025
756,511,12,9/24/2025
757,1502,28,4/13/2025
758,788,12,8/5/2025
759,196,26,2/14/2024
760,491,11,10/7/2024
761,1808,35,10/25/2024
762,1366,5,8/10/2024
763,1862,32,2/25/2025
764,1561,36,5/4/2024
765,756,5,4/17/2024
766,1034,21,2/23/2025
767,924,11,9/15/2024
768,425,33,2/15/2024
769,947,2,3/15/2024
770,1309,30,1/25/2025
771,704,26,7/18/2024
772,813,3,1/11/2024
773,514,8,5/19/2024
774,670,30,5/11/2025
775,945,5,3/25/2024
776,1124,16,3/24/2025
777,288,31,10/12/2024
778,1724,11,6/23/2024
779,1718,2,9/13/2025
780,206,12,10/28/2024
781,255,35,2/4/2025
782,345,5,1/12/2024
783,1388,18,6/6/2024
784,903,23,7/1/2024
785,444,3,6/29/2025
786,443,29,2/18/2024
787,1714,34,10/18/2025
788,1357,7,2/3/2025
789,1414,20,3/30/2025
790,108,39,1/5/2024
791,100,25,7/25/2024
792,1903,16,1/18/2025
793,1862,16,7/23/2024
794,188,2,3/7/2025
795,58,1,12/11/2024
796,1681,13,3/5/2024
797,452,7,6/20/2024
798,1483,11,2/15/2024
799,852,33,4/20/2024
800,1671,21,11/26/2024
801,1152,13,10/1/2025
802,425,35,2/8/2025
803,1923,28,5/3/2024
804,476,14,4/18/2024
805,731,21,6/26/2024
806,31,26,10/31/2025
807,648,1,2/2/2025
808,436,30,8/13/2024
809,136,18,10/27/2025
810,1278,24,2/14/2024
811,138,14,2/24/2025
812,618,39,5/26/2025
813,209,35,8/5/2025
814,352,17,4/7/2024
815,1229,21,10/8/2025
816,1427,25,5/16/2024
817,681,12,10/12/2025
818,1560,21,5/8/2025
819,139,22,1/19/2024
820,1247,38,4/4/2025
821,784,33,10/17/2025
822,1520,15,5/30/2025
823,1204,1,8/26/2024
824,44,40,5/7/2024
825,633,16,3/14/2025
826,1551,16,9/26/2025
827,163,4,5/20/2024
828,768,32,10/30/2024
829,414,10,1/19/2025
830,419,3,8/31/2024
831,1892,39,3/30/2025
832,1514,22,5/17/2024
833,570,21,10/21/2025
834,1612,3,6/17/2025
835,1622,27,10/25/2025
836,1665,19,1/25/2024
837,470,22,12/16/2024
838,497,14,7/6/2025
839,111,16,8/15/2024
840,1246,25,6/17/2025
841,659,12,3/28/2025
842,1290,1,3/7/2024
843,1782,32,3/12/2024
844,1954,13,2/23/2024
845,1300,10,7/28/2024
846,258,6,6/26/2024
847,1214,36,7/28/2024
848,484,33,3/21/2024
849,873,30,11/14/2024
850,337,13,9/7/2024
851,869,12,9/12/2025
852,510,20,10/19/2024
853,1181,29,10/12/2025
854,413,18,5/7/2025
855,164,24,2/11/2025
856,774,11,4/27/2025
857,904,28,6/1/2025
858,1249,28,6/8/2024
859,1679,31,1/21/2024
860,1561,25,3/13/2025
861,1750,6,11/3/2024
862,1219,35,6/5/2024
863,1133,12,9/20/2024
864,780,30,11/9/2024
865,929,19,1/19/2025
866,1152,39,5/7/2025
867,148,22,5/19/2024
868,1465,31,7/19/2024
869,317,13,1/5/2024
870,27,33,1/18/2025
871,1007,26,3/1/2025
872,1926,26,1/17/2025
873,787,32,11/11/2024
874,1313,38,3/13/2024
875,838,3,5/7/2024
876,789,37,6/15/2024
877,398,28,9/18/2024
878,1580,23,6/5/2025
879,1453,32,10/12/2025
880,1411,24,2/29/2024
881,1334,25,3/10/2025
882,1507,16,9/5/2024
883,979,3,1/5/2025
884,1293,2,10/22/2025
885,303,17,9/11/2025
886,933,10,9/17/2024
887,507,39,8/15/2025
888,1950,11,1/13/2024
889,240,6,10/21/2025
890,1458,25,2/11/2025
891,1447,38,3/23/2024
892,1062,13,3/9/2025
893,340,28,9/15/2024
894,1417,20,5/27/2025
895,1982,35,1/26/2025
896,1201,20,2/25/2025
897,1542,6,4/21/2024
898,1303,37,12/18/2024
899,1668,10,10/2/2024
900,1534,14,2/11/2025
901,1432,20,1/7/2024
902,345,32,1/2/2024
903,199,5,3/3/2025
904,1076,27,11/1/2025
905,591,28,6/23/2024
906,362,24,7/9/2024
907,1442,9,7/21/2024
908,997,12,5/29/2025
909,1943,8,4/6/2025
910,1162,14,7/9/2024
911,412,4,7/6/2024
912,1658,13,9/22/2024
913,1848,27,3/27/2025
914,1284,40,4/21/2024
915,1779,11,3/22/2024
916,601,6,1/21/2025
917,256,18,3/6/2024
918,701,2,8/22/2025
919,481,31,5/11/2025
920,1378,7,1/10/2024
921,126,18,1/8/2024
922,1363,38,2/12/2024
923,199,14,6/18/2025
924,1622,1,1/19/2025
925,1235,34,9/29/2024
926,1909,32,4/29/2025
927,1551,22,9/10/2025
928,880,22,1/14/2025
929,1397,22,11/18/2024
930,1673,16,1/4/2025
931,1363,26,1/22/2025
932,1251,4,12/30/2024
933,1789,22,4/12/2024
934,7,30,2/15/2025
935,1486,9,1/27/2024
936,1233,8,6/27/2025
937,573,16,1/12/2025
938,926,40,5/1/2025
939,1055,27,7/11/2024
940,7,21,1/18/2024
941,1298,24,2/16/2024
942,1986,21,3/30/2025
943,479,39,5/11/2025
944,820,40,3/24/2024
945,714,28,5/2/2025
946,1349,7,1/29/2025
947,602,39,7/18/2024
948,1459,10,6/16/2025
949,1795,37,5/31/2025
950,66,9,5/24/2025
951,1632,6,11/4/2024
952,1705,36,4/23/2025
953,345,29,4/28/2024
954,988,35,9/3/2024
955,499,14,6/23/2024
956,1543,6,4/18/2024
957,891,2,6/13/2024
958,1903,21,1/27/2025
959,1570,18,8/13/2024
960,1473,17,5/2/2025
961,1949,8,5/19/2024
962,1890,35,10/10/2025
963,1486,32,4/2/2024
964,1630,22,8/17/2024
965,1909,37,9/7/2025
966,133,22,1/21/2025
967,1865,25,10/31/2025
968,1316,36,3/23/2025
969,1656,15,8/16/2024
970,531,8,10/24/2024
971,180,8,4/1/2024
972,697,38,7/11/2024
973,1525,8,8/9/2025
974,754,9,11/16/2024
975,1954,25,8/13/2025
976,1510,1,11/14/2024
977,127,38,7/2/2025
978,389,25,3/9/2025
979,655,24,5/9/2024
980,1065,39,8/27/2025
981,455,7,2/8/2025
982,19,35,4/16/2025
983,648,10,10/30/2024
984,1715,15,5/26/2025
985,1393,30,5/30/2024
986,1232,19,5/29/2024
987,1530,3,9/5/2025
988,656,20,5/29/2025
989,1411,8,10/7/2024
990,1737,37,5/4/2025
991,1293,14,5/21/2025
992,597,25,3/1/2024
993,1660,22,6/5/2024
994,1696,14,8/18/2024
995,1435,4,7/2/2024
996,1755,32,2/5/2025
997,613,11,1/23/2024
998,1123,26,12/11/2024
999,866,31,12/22/2024
1000,1552,26,2/4/2025
1001,148,34,10/16/2024
1002,579,13,7/15/2025
1003,807,7,5/14/2024
1004,663,38,2/25/2024
1005,1741,20,4/13/2025
1006,1341,11,8/14/2025
1007,282,29,5/9/2025
1008,597,10,8/2/2024
1009,447,13,10/28/2025
1010,19,24,8/12/2025
1011,209,10,1/20/2025
1012,1947,28,6/21/2024
1013,1897,4,4/8/2024
1014,729,31,7/2/2024
1015,1936,4,4/30/2024
1016,1056,22,8/30/2025
1017,889,10,10/4/2025
1018,1480,26,9/7/2024
1019,70,8,9/3/2024
1020,813,32,11/5/2024
1021,1409,39,6/25/2024
1022,1337,25,4/1/2024
1023,1593,30,10/27/2025
1024,783,18,10/9/2025
1025,1338,29,1/11/2025
1026,24,8,4/29/2024
1027,170,8,5/15/2025
1028,1314,33,8/18/2024
1029,48,38,8/9/2025
1030,1173,31,10/7/2024
1031,1421,7,8/30/2025
1032,371,25,5/10/2025
1033,1321,28,11/1/2024
1034,1171,9,4/11/2024
1035,667,5,7/4/2025
1036,379,26,1/21/2024
1037,807,36,7/3/2025
1038,1605,34,5/15/2025
1039,131,34,8/21/2025
1040,1104,8,7/31/2024
1041,1978,8,7/4/2024
1042,1766,39,7/3/2024
1043,11,36,4/2/2025
1044,1640,21,5/5/2024
1045,81,9,8/11/2025
1046,423,11,3/30/2024
1047,1152,17,2/5/2024
1048,174,8,6/2/2025
1049,612,24,7/11/2025
1050,352,28,11/4/2025
1051,1,16,11/3/2024
1052,95,34,10/27/2024
1053,1350,35,3/31/2025
1054,287,37,5/17/2025
1055,1424,21,6/19/2025
1056,1866,23,9/12/2025
1057,1103,33,8/2/2024
1058,1409,7,2/15/2024
1059,486,3,7/11/2024
1060,291,20,8/8/2024
1061,1961,9,9/8/2025
1062,1131,14,8/28/2025
1063,736,18,5/11/2024
1064,1494,40,3/8/2025
1065,153,36,9/18/2024
1066,534,25,10/27/2025
1067,1851,11,2/13/2025
1068,935,6,9/17/2024
1069,1386,28,5/26/2024
1070,1098,14,3/13/2024
1071,1290,18,10/10/2025
1072,1428,13,1/16/2025
1073,1155,33,9/11/2025
1074,336,27,6/6/2024
1075,648,28,1/23/2025
1076,54,39,9/10/2024
1077,159,18,5/7/2024
1078,1089,8,7/15/2025
1079,834,5,12/3/2024
1080,1312,6,1/6/2025
1081,1863,22,10/6/2024
1082,300,15,10/7/2024
1083,21,7,1/21/2025
1084,1985,15,1/22/2025
1085,1950,7,5/6/2024
1086,360,34,11/9/2024
1087,1206,32,4/7/2024
1088,1084,23,8/8/2025
1089,1773,19,7/18/2025
1090,556,39,4/11/2024
1091,1837,4,6/23/2024
1092,652,25,7/4/2024
1093,707,35,7/18/2025
1094,1218,26,5/3/2025
1095,1214,9,9/22/2024
1096,20,33,6/8/2024
1097,1347,9,5/26/2024
1098,776,37,9/30/2024
1099,109,24,9/12/2024
1100,1389,39,3/4/2025
1101,1448,30,7/6/2024
1102,899,23,4/24/2025
1103,1029,19,10/9/2024
1104,1951,28,6/17/2025
1105,1929,15,11/8/2024
1106,1302,6,11/8/2024
1107,833,21,4/2/2024
1108,1300,6,3/19/2024
1109,1495,16,4/5/2024
1110,339,37,2/28/2024
1111,174,19,7/21/2025
1112,1904,32,1/11/2024
1113,1971,28,6/4/2025
1114,1910,9,5/6/2025
1115,1020,33,6/29/2025
1116,1430,8,2/19/2025
1117,29,40,7/13/2024
1118,1866,1,3/11/2025
1119,1439,35,12/19/2024
1120,501,34,9/15/2025
1121,87,39,4/4/2025
1122,1976,11,6/20/2025
1123,1851,15,6/28/2024
1124,154,24,5/16/2024
1125,1053,23,2/22/2024
1126,866,32,1/23/2025
1127,350,24,4/25/2024
1128,693,16,7/6/2025
1129,1743,8,10/24/2024
1130,613,31,10/27/2024
1131,543,14,1/3/2024
1132,1512,37,2/7/2025
1133,446,20,10/20/2025
1134,1056,3,4/19/2025
1135,1828,40,5/14/2025
1136,118,23,1/7/2024
1137,1261,30,12/2/2024
1138,612,23,4/19/2024
1139,11,23,7/9/2024
1140,824,23,1/10/2024
1141,208,28,5/18/2025
1142,405,6,6/25/2025
1143,1054,10,2/24/2025
1144,254,32,1/8/2024
1145,319,17,8/19/2024
1146,964,26,1/18/2025
1147,613,24,3/14/2025
1148,1828,12,7/3/2025
1149,1663,18,4/21/2024
1150,899,29,6/14/2024
1151,287,23,3/20/2025
1152,12,23,7/22/2024
1153,227,13,10/18/2024
1154,83,9,2/8/2025
1155,863,22,2/2/2024
1156,329,13,5/5/2025
1157,1966,18,5/1/2024
1158,863,32,7/17/2025
1159,1015,9,11/28/2024
1160,1539,26,5/28/2025
1161,1487,25,5/14/2024
1162,225,7,1/22/2024
1163,259,10,12/18/2024
1164,1025,1,8/30/2024
1165,107,22,3/15/2025
1166,2000,39,1/9/2024
1167,890,31,10/23/2024
1168,578,32,3/25/2024
1169,1559,28,9/10/2024
1170,1265,10,6/7/2025
1171,383,16,10/14/2024
1172,1571,8,9/26/2024
1173,1436,16,3/15/2025
1174,407,31,4/15/2024
1175,1436,33,9/17/2025
1176,372,13,8/28/2025
1177,1289,10,8/22/2024
1178,247,9,2/14/2025
1179,79,18,7/15/2024
1180,1903,10,3/12/2025
1181,37,40,7/23/2024
1182,187,4,1/24/2025
1183,835,34,11/9/2024
1184,1434,15,8/15/2024
1185,689,28,5/5/2025
1186,126,33,3/13/2025
1187,1319,4,11/7/2024
1188,226,18,1/7/2025
1189,575,23,3/4/2025
1190,506,21,2/18/2024
1191,373,3,1/1/2024
1192,107,21,8/5/2024
1193,585,31,10/13/2024
1194,1861,39,4/13/2024
1195,883,12,9/15/2024
1196,1943,32,1/7/2025
1197,685,20,4/24/2024
1198,199,1,7/19/2025
1199,1578,9,12/5/2024
1200,739,24,8/26/2025
1201,1084,39,1/15/2025
1202,488,18,8/3/2024
1203,1197,25,3/30/2024
1204,1817,7,5/13/2024
1205,1290,39,5/3/2024
1206,85,38,11/1/2025
1207,1675,13,7/16/2024
1208,1444,29,4/11/2024
1209,154,35,9/25/2025
1210,703,20,4/30/2025
1211,1559,13,6/30/2025
1212,1477,10,2/14/2024
1213,262,13,3/4/2025
1214,1128,17,7/27/2025
1215,1998,23,1/9/2025
1216,919,8,3/22/2025
1217,139,31,3/5/2025
1218,1073,33,1/23/2024
1219,342,39,10/7/2024
1220,1427,9,10/23/2024
1221,94,37,3/3/2024
1222,1627,13,2/11/2025
1223,1014,35,6/9/2025
1224,1990,5,6/18/2024
1225,897,33,1/28/2025
1226,1152,25,2/14/2025
1227,1244,18,7/30/2024
1228,377,1,6/12/2024
1229,1172,14,8/29/2025
1230,1427,1,6/9/2025
1231,933,33,6/21/2025
1232,531,20,8/13/2024
1233,607,18,7/19/2025
1234,244,11,8/17/2024
1235,94,35,8/31/2024
1236,598,3,10/16/2025
1237,304,18,5/16/2024
1238,554,4,10/19/2025
1239,510,14,7/1/2025
1240,238,1,10/26/2025
1241,712,39,1/12/2025
1242,665,6,7/16/2025
1243,541,9,2/22/2025
1244,1840,40,10/28/2024
1245,665,4,10/2/2025
1246,1672,1,12/30/2024
1247,450,18,6/29/2024
1248,525,2,7/4/2025
1249,1347,38,4/18/2024
1250,1480,25,10/31/2025
1251,528,39,7/18/2025
1252,423,29,8/13/2024
1253,665,18,7/27/2024
1254,1192,26,6/8/2024
1255,914,15,3/20/2025
1256,755,10,5/5/2025
1257,192,32,7/4/2024
1258,941,12,6/29/2024
1259,387,37,5/17/2025
1260,1932,12,10/25/2025
1261,578,2,11/13/2024
1262,334,12,2/7/2025
1263,1408,39,7/11/2024
1264,143,10,3/14/2024
1265,874,16,4/10/2025
1266,1862,26,4/12/2024
1267,1484,34,5/20/2024
1268,1489,1,9/9/2025
1269,205,25,1/28/2025
1270,43,8,1/14/2024
1271,1564,3,5/15/2024
1272,509,6,10/1/2024
1273,293,39,1/14/2024
1274,1623,1,4/18/2024
1275,1111,22,3/28/2024
1276,415,9,5/6/2025
1277,1556,37,3/30/2025
1278,1671,11,11/10/2024
1279,680,31,6/7/2024
1280,500,4,7/10/2025
1281,1418,18,10/4/2025
1282,1114,8,1/22/2024
1283,1690,3,4/15/2024
1284,1116,19,4/15/2024
1285,1048,27,5/25/2024
1286,3,15,1/25/2024
1287,465,28,1/29/2025
1288,302,23,11/2/2025
1289,588,15,1/28/2025
1290,1407,8,5/18/2025
1291,348,8,8/17/2024
1292,209,19,12/31/2024
1293,157,40,12/7/2024
1294,243,24,3/27/2024
1295,1835,3,9/11/2025
1296,310,12,3/14/2025
1297,1087,22,9/6/2025
1298,372,28,6/2/2024
1299,1830,20,10/1/2025
1300,1675,19,12/22/2024
1301,1793,7,10/4/2024
1302,1877,32,1/12/2025
1303,1911,17,3/19/2024
1304,1616,1,6/1/2024
1305,1593,10,11/23/2024
1306,303,25,4/2/2025
1307,1478,31,3/9/2024
1308,232,37,3/13/2025
1309,1966,18,5/28/2024
1310,186,21,5/10/2024
1311,373,25,12/27/2024
1312,654,32,3/10/2025
1313,986,27,9/8/2025
1314,1626,22,5/21/2024
1315,1643,16,1/27/2025
1316,858,36,5/24/2025
1317,1104,35,5/19/2025
1318,1091,35,8/23/2024
1319,788,6,8/17/2025
1320,1465,27,6/23/2025
1321,1184,15,3/30/2024
1322,482,24,1/3/2024
1323,417,2,1/6/2025
1324,1144,31,5/16/2024
1325,1887,8,3/2/2024
1326,1867,23,1/4/2025
1327,1739,9,10/28/2024
1328,943,10,7/18/2025
1329,1991,27,9/5/2024
1330,432,15,2/27/2024
1331,1530,9,4/30/2024
1332,1971,10,1/21/2025
1333,1502,2,3/10/2025
1334,762,4,4/18/2024
1335,1358,38,3/16/2024
1336,977,39,6/10/2024
1337,62,10,1/9/2025
1338,290,6,9/7/2024
1339,158,1,8/5/2025
1340,1703,27,6/2/2024
1341,1568,12,4/26/2025
1342,1523,9,6/24/2025
1343,1431,20,4/26/2025
1344,843,22,3/30/2025
1345,1601,1,10/20/2024
1346,228,10,3/2/2024
1347,1805,3,9/10/2025
1348,1539,12,5/30/2025
1349,329,1,2/9/2025
1350,1706,28,4/10/2025
1351,1135,17,8/8/2025
1352,1028,20,8/20/2024
1353,868,11,10/5/2024
1354,1993,6,6/18/2025
1355,774,9,8/4/2024
1356,821,40,2/27/2024
1357,449,26,7/7/2024
1358,1685,36,9/11/2025
1359,1724,5,4/24/2025
1360,978,21,10/30/2025
1361,1315,26,1/24/2025
1362,338,4,1/15/2025
1363,1325,28,7/18/2024
1364,553,7,4/16/2024
1365,160,24,9/9/2025
1366,1595,22,1/29/2024
1367,491,19,6/15/2024
1368,1110,7,3/7/2024
1369,434,39,1/12/2024
1370,1550,20,7/11/2024
1371,1130,13,10/15/2025
1372,1904,3,9/3/2024
1373,552,6,8/6/2025
1374,1157,3,7/31/2025
1375,1619,31,2/16/2024
1376,99,21,4/5/2024
1377,1933,20,1/9/2024
1378,731,19,2/11/2025
1379,1025,13,11/18/2024
1380,1540,26,12/30/2024
1381,1995,9,4/9/2024
1382,679,27,5/30/2025
1383,207,33,6/2/2024
1384,49,38,1/26/2025
1385,977,38,2/8/2024
1386,595,11,6/4/2024
1387,1398,30,3/21/2024
1388,1813,6,8/25/2024
1389,1812,14,10/31/2025
1390,289,11,5/28/2025
1391,1058,39,10/29/2025
1392,1072,22,4/3/2025
1393,1609,9,12/13/2024
1394,596,24,9/30/2025
1395,1753,28,2/10/2024
1396,1825,25,9/1/2024
1397,428,40,9/13/2025
1398,154,10,8/3/2025
1399,1286,32,4/9/2024
1400,1649,1,5/26/2024
1401,1570,20,7/14/2025
1402,1777,6,5/25/2025
1403,193,30,11/17/2024
1404,348,19,6/14/2024
1405,140,18,8/13/2025
1406,745,23,4/1/2024
1407,146,12,4/16/2025
1408,529,31,9/19/2024
1409,1563,29,10/27/2025
1410,1893,9,5/6/2024
1411,1991,37,5/14/2025
1412,82,24,10/20/2024
1413,822,27,9/26/2025
1414,1879,9,3/27/2025
1415,752,33,10/1/2025
1416,1950,21,1/17/2025
1417,171,27,6/2/2025
1418,922,17,2/13/2024
1419,1272,4,9/7/2024
1420,1434,36,1/9/2024
1421,317,7,10/24/2024
1422,770,11,8/6/2025
1423,818,5,8/16/2024
1424,796,30,4/5/2024
1425,715,30,4/24/2025
1426,1316,35,4/21/2025
1427,224,6,7/3/2024
1428,1499,7,2/10/2025
1429,1574,28,7/23/2024
1430,823,22,3/7/2024
1431,650,22,9/10/2025
1432,996,14,5/2/2025
1433,235,18,4/10/2025
1434,79,35,6/8/2024
1435,1943,31,5/29/2024
1436,1312,14,11/23/2024
1437,1164,3,9/7/2025
1438,1586,25,3/4/2024
1439,1918,24,3/16/2025
1440,970,14,2/25/2024
1441,434,2,3/9/2025
1442,553,17,10/12/2025
1443,361,6,5/25/2024
1444,142,18,2/18/2025
1445,168,20,4/7/2025
1446,1785,27,6/21/2025
1447,439,17,7/7/2024
1448,1701,4,4/4/2024
1449,1833,28,12/16/2024
1450,1973,20,6/17/2024
1451,407,23,3/5/2025
1452,987,31,7/2/2025
1453,1411,11,3/23/2025
1454,727,37,2/2/2025
1455,1686,1,7/28/2025
1456,1604,39,7/22/2024
1457,160,38,9/23/2025
1458,297,21,11/20/2024
1459,30,10,4/14/2025
1460,1913,10,5/26/2025
1461,1771,21,4/26/2024
1462,1623,27,9/26/2024
1463,1067,1,4/6/2025
1464,1932,9,10/11/2025
1465,921,38,4/9/2024
1466,75,14,7/11/2024
1467,861,35,6/19/2024
1468,1231,25,8/9/2024
1469,713,14,7/14/2024
1470,1991,37,1/15/2024
1471,759,24,1/17/2024
1472,619,20,5/29/2025
1473,1678,8,5/26/2025
1474,1329,30,2/27/2025
1475,841,23,12/26/2024
1476,1697,35,3/12/2025
1477,1072,22,4/26/2024
1478,1898,12,4/14/2025
1479,878,24,6/30/2024
1480,1133,39,6/15/2024
1481,1112,28,1/25/2025
1482,584,28,10/11/2025
1483,581,40,4/11/2024
1484,180,7,4/1/2024
1485,1331,2,9/23/2025
1486,1910,27,4/16/2024
1487,1017,40,7/11/2025
1488,205,29,5/30/2025
1489,1191,3,10/23/2024
1490,1745,27,8/4/2024
1491,457,30,7/18/2025
1492,781,8,7/19/2024
1493,1754,31,5/7/2024
1494,719,30,2/26/2025
1495,1860,26,1/8/2024
1496,1925,24,8/17/2024
1497,1040,19,10/1/2024
1498,1802,17,11/10/2024
1499,1718,27,9/4/2024
1500,9,27,2/3/2024
1501,32,2,6/6/2024
1502,1619,24,6/15/2025
1503,1680,39,11/21/2024
1504,687,11,8/8/2025
1505,881,16,7/23/2025
1506,1994,26,7/16/2024
1507,1263,26,2/22/2024
1508,1642,37,3/15/2025
1509,264,25,6/26/2024
1510,826,21,6/13/2025
1511,325,28,8/24/2024
1512,204,9,5/31/2025
1513,243,37,2/5/2025
1514,1727,17,7/20/2025
1515,326,21,7/27/2024
1516,191,6,1/27/2024
1517,896,1,10/5/2025
1518,1578,38,6/5/2024
1519,57,40,7/10/2025
1520,1886,6,8/8/2025
1521,784,2,5/13/2024
1522,930,23,7/10/2024
1523,491,15,10/31/2024
1524,397,35,9/8/2024
1525,1488,25,9/23/2024
1526,1351,4,10/8/2024
1527,170,10,10/4/2025
1528,48,38,4/15/2024
1529,228,30,9/2/2025
1530,252,7,5/25/2024
1531,579,17,7/3/2024
1532,191,5,5/21/2025
1533,1730,24,7/31/2024
1534,801,7,5/17/2025
1535,1630,2,2/27/2025
1536,151,32,10/2/2025
1537,157,14,3/5/2025
1538,769,21,10/10/2025
1539,1861,29,6/13/2024
1540,369,20,1/11/2024
1541,1851,12,8/3/2025
1542,1293,39,2/2/2024
1543,241,22,12/21/2024
1544,992,40,9/6/2025
1545,1120,1,6/11/2024
1546,1069,17,5/4/2024
1547,395,39,1/31/2024
1548,1098,2,6/14/2025
1549,1049,10,8/9/2024
1550,1776,24,4/27/2024
1551,1841,14,1/31/2024
1552,671,9,8/13/2024
1553,171,9,10/1/2024
1554,561,31,7/23/2024
1555,1953,6,12/22/2024
1556,1451,36,10/29/2025
1557,603,30,5/22/2025
1558,894,33,2/13/2025
1559,1889,13,9/13/2024
1560,355,13,10/14/2024
1561,1970,26,4/15/2024
1562,1196,38,11/15/2024
1563,340,14,5/14/2025
1564,888,29,3/9/2025
1565,1222,18,11/22/2024
1566,1276,7,9/13/2025
1567,785,28,7/23/2024
1568,1162,23,1/17/2025
1569,1839,5,4/5/2025
1570,343,3,6/7/2025
1571,519,38,2/23/2025
1572,602,39,10/22/2025
1573,1947,34,12/26/2024
1574,816,2,4/27/2024
1575,369,21,3/15/2025
1576,1620,12,1/1/2025
1577,503,5,8/8/2024
1578,1346,24,1/15/2025
1579,298,21,5/5/2024
1580,20,21,1/12/2024
1581,1469,22,8/6/2024
1582,954,37,11/25/2024
1583,1841,15,7/29/2025
1584,136,25,10/17/2024
1585,1233,14,6/23/2025
1586,446,7,7/28/2025
1587,570,39,3/17/2024
1588,1176,27,3/21/2025
1589,651,21,7/21/2024
1590,404,4,5/20/2025
1591,1022,3,10/8/2024
1592,863,8,5/7/2024
1593,928,11,9/7/2025
1594,670,38,1/27/2025
1595,485,37,1/22/2024
1596,584,2,10/21/2025
1597,1605,37,1/5/2024
1598,1868,30,10/18/2024
1599,269,26,2/7/2024
1600,1835,35,6/24/2025
1601,81,22,10/22/2025
1602,34,5,4/26/2025
1603,195,27,11/4/2024
1604,563,21,12/20/2024
1605,820,6,7/23/2025
1606,1587,21,5/20/2025
1607,1255,4,2/6/2025
1608,612,30,5/20/2025
1609,1739,8,1/17/2025
1610,1921,40,4/15/2024
1611,60,15,2/18/2024
1612,1691,1,5/22/2024
1613,216,21,3/22/2025
1614,464,11,3/31/2024
1615,392,24,7/4/2025
1616,11,4,9/22/2024
1617,1810,3,4/23/2024
1618,99,20,3/17/2024
1619,541,22,9/19/2025
1620,1622,25,10/3/2024
1621,1431,11,5/21/2024
1622,1195,30,5/2/2024
1623,259,21,5/31/2024
1624,1543,38,2/27/2025
1625,1305,29,5/5/2024
1626,1069,34,9/3/2024
1627,1184,31,5/16/2025
1628,2000,18,11/25/2024
1629,1583,31,8/19/2024
1630,189,17,10/30/2024
1631,1457,6,12/27/2024
1632,1144,16,10/24/2025
1633,1506,14,3/20/2024
1634,154,32,3/2/2024
1635,436,1,8/9/2024
1636,959,25,7/11/2024
1637,999,7,12/14/2024
1638,428,38,6/24/2025
1639,1053,21,11/15/2024
1640,1452,30,11/2/2025
1641,316,33,4/18/2024
1642,1873,9,8/12/2024
1643,1878,24,1/29/2025
1644,1997,29,9/27/2025
1645,1052,13,2/13/2025
1646,385,5,10/11/2024
1647,867,11,11/10/2024
1648,1949,37,10/25/2025
1649,210,10,4/17/2025
1650,1795,7,4/22/2024
1651,493,2,4/16/2025
1652,384,18,1/30/2024
1653,976,34,4/8/2025
1654,721,17,5/1/2024
1655,1899,36,3/27/2024
1656,726,28,8/5/2024
1657,309,26,5/29/2025
1658,883,33,12/7/2024
1659,109,29,10/6/2024
1660,758,7,2/20/2024
1661,1329,25,3/8/2025
1662,398,19,7/12/2024
1663,825,12,8/31/2025
1664,566,34,9/14/2025
1665,1011,34,3/19/2025
1666,224,4,10/23/2025
1667,510,8,8/12/2024
1668,236,4,2/6/2024
1669,1179,18,9/1/2024
1670,135,35,4/13/2024
1671,565,15,9/27/2025
1672,1433,26,2/5/2025
1673,805,7,8/13/2024
1674,1504,18,5/22/2025
1675,422,11,7/27/2024
1676,712,19,9/2/2025
1677,590,1,4/6/2024
1678,380,33,9/29/2025
1679,977,20,9/1/2024
1680,349,21,3/12/2024
1681,342,12,12/6/2024
1682,1843,30,5/25/2024
1683,1971,1,4/30/2025
1684,877,22,1/22/2024
1685,364,17,3/19/2024
1686,350,1,8/31/2025
1687,722,31,8/20/2025
1688,3,32,9/10/2024
1689,968,8,2/16/2024
1690,1678,2,8/3/2025
1691,1393,19,8/21/2024
1692,1076,33,6/20/2024
1693,1547,10,4/6/2024
1694,205,20,12/9/2024
1695,927,32,12/25/2024
1696,1118,17,5/13/2025
1697,520,24,4/14/2025
1698,28,23,11/4/2024
1699,1455,22,6/14/2025
1700,1587,39,5/10/2025
1701,231,18,6/15/2025
1702,1492,2,5/31/2024
1703,841,15,5/25/2024
1704,732,32,2/1/2024
1705,501,37,3/17/2025
1706,737,14,4/1/2024
1707,397,25,10/16/2025
1708,222,18,10/3/2025
1709,1391,35,4/5/2025
1710,1963,34,6/28/2024
1711,544,23,12/5/2024
1712,801,38,3/3/2025
1713,1936,18,11/12/2024
1714,391,3,8/16/2025
1715,1066,22,9/19/2025
1716,252,28,4/10/2025
1717,1161,23,10/22/2024
1718,226,1,5/25/2025
1719,1899,10,4/22/2025
1720,1395,10,6/19/2025
1721,1980,19,9/30/2025
1722,1144,11,11/6/2024
1723,998,19,3/7/2024
1724,1638,19,1/16/2024
1725,930,3,8/10/2024
1726,580,38,5/6/2024
1727,109,32,11/9/2024
1728,11,28,12/26/2024
1729,1353,1,2/21/2024
1730,515,9,12/24/2024
1731,1800,19,5/29/2025
1732,1363,36,6/7/2024
1733,1954,6,10/4/2024
1734,293,13,3/18/2025
1735,1199,6,10/24/2024
1736,449,3,4/29/2025
1737,1911,23,9/11/2024
1738,1663,25,3/8/2025
1739,818,7,9/24/2024
1740,1885,20,9/3/2025
1741,637,12,7/31/2025
1742,893,21,8/15/2025
1743,286,13,9/13/2024
1744,278,27,7/21/2025
1745,409,20,11/8/2024
1746,176,20,8/3/2025
1747,1899,30,7/12/2025
1748,376,25,3/23/2025
1749,197,9,6/23/2025
1750,906,21,5/30/2025
1751,1915,23,4/24/2025
1752,726,28,4/22/2025
1753,862,27,4/17/2025
1754,57,36,1/28/2024
1755,1961,27,3/31/2024
1756,1548,9,9/21/2025
1757,1858,20,9/5/2024
1758,1189,33,1/17/2025
1759,261,40,7/10/2025
1760,1844,37,10/27/2024
1761,110,26,5/8/2024
1762,826,1,4/18/2025
1763,1654,34,4/16/2025
1764,1719,4,3/27/2024
1765,113,18,10/27/2025
1766,220,22,8/31/2025
1767,200,19,8/2/2025
1768,987,22,3/3/2024
1769,249,38,6/7/2025
1770,1515,4,7/28/2024
1771,1058,10,7/29/2025
1772,1517,32,5/19/2024
1773,458,10,11/4/2024
1774,1287,20,1/7/2024
1775,1650,32,9/30/2025
1776,1409,13,4/27/2024
1777,138,1,6/5/2024
1778,1237,8,6/16/2025
1779,199,16,7/28/2024
1780,213,31,1/26/2024
1781,1706,33,3/30/2025
1782,801,4,5/4/2024
1783,615,26,5/10/2025
1784,377,16,7/13/2025
1785,534,40,3/25/2025
1786,1760,40,5/6/2024
1787,886,10,10/13/2025
1788,45,12,5/25/2024
1789,1677,16,6/23/2024
1790,1048,35,7/24/2024
1791,976,31,10/23/2024
1792,593,7,8/25/2025
1793,1010,24,10/8/2024
1794,802,25,4/19/2024
1795,951,27,3/11/2025
1796,304,2,10/17/2024
1797,937,8,7/31/2025
1798,798,1,8/17/2025
1799,621,3,10/22/2025
1800,1333,40,3/31/2025
1801,88,23,5/22/2024
1802,959,30,10/10/2024
1803,19,11,1/1/2025
1804,1026,33,8/3/2024
1805,715,34,2/3/2025
1806,1051,5,6/27/2024
1807,1344,10,12/26/2024
1808,1344,37,12/13/2024
1809,942,9,10/12/2024
1810,1608,20,2/7/2025
1811,140,31,1/20/2025
1812,1972,31,9/12/2025
1813,1350,12,8/12/2025
1814,1452,33,6/22/2025
1815,531,9,11/27/2024
1816,1206,38,12/22/2024
1817,1198,40,2/17/2025
1818,139,3,1/31/2024
1819,1745,11,8/25/2024
1820,198,7,5/26/2025
1821,1914,31,11/27/2024
1822,1557,15,8/30/2024
1823,216,12,1/28/2025
1824,1548,27,3/6/2024
1825,127,40,9/13/2024
1826,235,3,3/15/2024
1827,905,24,9/13/2025
1828,1293,2,6/27/2024
1829,658,7,4/5/2025
1830,774,9,10/14/2025
1831,1176,36,7/23/2024
1832,401,17,5/17/2025
1833,897,19,8/18/2024
1834,413,11,3/20/2025
1835,1667,34,7/15/2024
1836,177,38,1/25/2024
1837,1289,7,7/27/2024
1838,69,9,1/6/2024
1839,737,27,8/4/2025
1840,1120,5,12/14/2024
1841,380,34,5/23/2025
1842,390,14,8/7/2025
1843,1695,31,5/27/2025
1844,722,23,9/25/2025
1845,1843,36,5/21/2024
1846,1642,5,3/25/2025
1847,876,25,3/13/2024
1848,1166,6,5/10/2024
1849,1603,34,11/1/2024
1850,207,8,5/25/2025
1851,473,4,9/7/2025
1852,1108,22,1/24/2024
1853,459,19,9/14/2024
1854,800,23,3/10/2024
1855,1787,11,10/21/2024
1856,154,35,8/12/2025
1857,495,34,9/17/2025
1858,1025,20,2/12/2025
1859,1267,4,7/13/2025
1860,1429,8,8/19/2025
1861,965,17,10/30/2025
1862,62,3,12/12/2024
1863,864,17,7/24/2024
1864,686,4,5/22/2024
1865,419,36,12/3/2024
1866,1893,4,8/29/2024
1867,1011,5,7/31/2025
1868,1853,40,2/6/2024
1869,709,5,3/2/2025
1870,1226,40,3/23/2024
1871,1818,36,5/5/2025
1872,1939,9,10/4/2024
1873,1482,3,4/16/2024
1874,73,32,6/3/2025
1875,462,23,3/17/2025
1876,979,20,8/21/2024
1877,44,4,1/27/2024
1878,1585,13,7/1/2025
1879,1246,25,1/19/2024
1880,1132,31,2/23/2024
1881,793,25,5/8/2024
1882,881,28,7/16/2025
1883,283,8,3/24/2025
1884,242,40,1/11/2025
1885,721,13,12/17/2024
1886,895,4,8/31/2024
1887,476,6,8/25/2025
1888,21,15,2/26/2025
1889,1531,35,8/4/2025
1890,94,1,9/12/2024
1891,1665,4,3/19/2024
1892,117,9,3/25/2025
1893,370,19,2/14/2024
1894,644,23,9/8/2025
1895,1342,16,10/26/2024
1896,266,39,2/11/2025
1897,981,8,11/3/2025
1898,158,5,9/13/2024
1899,1922,35,7/29/2024
1900,1014,23,8/13/2024
1901,909,20,1/10/2025
1902,1598,36,10/26/2024
1903,1780,16,6/23/2025
1904,1829,18,11/22/2024
1905,1430,35,5/30/2025
1906,214,4,12/20/2024
1907,1845,27,9/28/2025
1908,996,18,3/21/2024
1909,417,9,6/17/2025
1910,473,20,7/20/2025
1911,432,8,1/16/2025
1912,1485,10,2/6/2024
1913,482,29,10/27/2025
1914,1566,30,4/26/2024
1915,44,32,2/4/2024
1916,554,18,8/25/2025
1917,787,20,3/27/2024
1918,123,18,9/16/2025
1919,787,32,1/20/2024
1920,1767,25,1/28/2025
1921,910,3,8/17/2024
1922,422,25,7/7/2024
1923,1352,28,6/29/2025
1924,108,20,2/2/2024
1925,1110,23,1/27/2024
1926,1864,39,12/10/2024
1927,1890,17,8/28/2025
1928,444,2,12/15/2024
1929,1487,40,3/20/2025
1930,1774,28,2/28/2024
1931,1654,7,7/20/2025
1932,795,19,7/1/2025
1933,950,28,8/9/2025
1934,1473,37,6/15/2025
1935,533,11,1/25/2025
1936,958,16,5/15/2024
1937,1859,1,10/14/2024
1938,1638,18,3/28/2024
1939,512,35,10/29/2024
1940,692,37,2/8/2025
1941,80,40,10/7/2024
1942,741,18,9/13/2024
1943,1603,39,1/13/2024
1944,255,20,8/5/2025
1945,1354,21,9/27/2024
1946,1736,12,3/30/2025
1947,948,2,3/26/2025
1948,19,30,2/7/2024
1949,1979,23,5/6/2025
1950,1307,36,8/11/2024
1951,837,4,8/16/2025
1952,1923,6,10/10/2024
1953,1838,40,7/18/2025
1954,644,5,3/27/2025
1955,369,17,10/9/2024
1956,532,32,5/10/2024
1957,466,12,5/30/2024
1958,1785,40,11/2/2025
1959,102,15,4/27/2024
1960,1341,3,7/7/2024
1961,1402,33,3/26/2025
1962,1188,21,2/12/2024
1963,1134,15,3/3/2024
1964,1950,17,9/20/2024
1965,34,23,7/7/2025
1966,1472,3,9/6/2025
1967,481,23,4/21/2024
1968,159,33,3/30/2025
1969,232,33,3/20/2024
1970,486,14,11/29/2024
1971,1169,24,3/1/2025
1972,147,28,10/16/2024
1973,294,2,11/30/2024
1974,1244,24,12/9/2024
1975,1998,27,10/29/2025
1976,768,31,10/28/2024
1977,1274,2,6/13/2024
1978,755,3,10/24/2024
1979,1906,10,8/28/2025
1980,53,7,9/15/2025
1981,434,21,6/7/2025
1982,1466,33,8/18/2025
1983,1460,23,8/8/2024
1984,776,38,2/3/2024
1985,1346,10,1/25/2025
1986,1562,6,3/20/2024
1987,1964,15,8/1/2025
1988,1032,37,10/7/2025
1989,1123,27,7/5/2025
1990,1502,8,6/24/2025
1991,1635,4,9/13/2025
1992,968,34,6/16/2025
1993,904,21,10/2/2024
1994,400,37,10/27/2024
1995,1866,16,12/2/2024
1996,498,24,8/24/2024
1997,934,21,4/28/2024
1998,1420,16,3/31/2025
1999,1501,27,1/5/2025
2000,164,23,7/27/2025
2001,1036,5,1/5/2025
2002,1339,31,9/11/2025
2003,472,29,3/4/2025
2004,471,37,5/8/2024
2005,1896,35,9/7/2024
2006,1591,27,8/21/2025
2007,1364,9,9/12/2025
2008,534,19,12/15/2024
2009,643,8,3/24/2024
2010,837,27,6/1/2025
2011,304,37,5/21/2025
2012,1296,13,7/3/2024
2013,1795,30,1/16/2024
2014,342,8,3/4/2025
2015,540,36,4/26/2025
2016,1522,7,5/9/2024
2017,1781,3,3/17/2025
2018,50,11,3/15/2024
2019,272,33,6/26/2025
2020,1882,25,3/8/2025
2021,726,9,2/15/2025
2022,1428,36,9/4/2024
2023,1459,19,5/1/2024
2024,690,22,8/28/2025
2025,1247,40,4/20/2024
2026,1480,3,3/16/2024
2027,1513,23,4/4/2025
2028,1866,27,10/7/2025
2029,922,28,10/23/2024
2030,1552,31,5/17/2024
2031,1503,12,8/26/2025
2032,1877,33,3/26/2024
2033,312,1,8/30/2025
2034,1215,24,10/26/2025
2035,929,25,11/24/2024
2036,899,12,6/4/2025
2037,1480,38,10/13/2024
2038,1935,7,8/25/2024
2039,609,32,12/15/2024
2040,99,37,6/14/2025
2041,1838,34,8/16/2025
2042,1041,28,10/19/2024
2043,662,25,11/22/2024
2044,1551,12,5/26/2024
2045,86,14,3/16/2025
2046,1064,18,8/11/2025
2047,1802,40,11/17/2024
2048,204,23,10/18/2024
2049,340,8,10/21/2024
2050,561,32,3/25/2025
2051,459,11,10/22/2024
2052,1924,17,9/12/2025
2053,1544,7,8/25/2024
2054,1365,18,5/24/2024
2055,197,14,7/19/2025
2056,1718,33,6/21/2024
2057,57,39,2/10/2024
2058,1966,35,7/4/2025
2059,1637,13,1/7/2024
2060,1001,2,1/13/2025
2061,417,19,8/7/2025
2062,874,29,6/17/2025
2063,259,30,10/29/2024
2064,1881,8,5/2/2024
2065,911,28,5/20/2025
2066,539,6,5/20/2024
2067,571,8,12/28/2024
2068,1646,6,8/15/2024
2069,1490,5,11/30/2024
2070,321,33,12/9/2024
2071,566,30,10/7/2025
2072,1507,33,3/16/2024
2073,1448,21,2/9/2024
2074,888,7,6/17/2025
2075,651,13,7/25/2025
2076,1354,3,10/11/2025
2077,1285,1,9/8/2024
2078,281,38,1/20/2025
2079,1787,15,7/19/2024
2080,544,31,6/4/2024
2081,993,12,5/23/2025
2082,579,9,7/22/2024
2083,1301,6,6/12/2025
2084,1756,14,1/4/2024
2085,890,5,5/17/2025
2086,1143,40,8/1/2024
2087,1455,12,2/9/2024
2088,857,17,9/20/2025
2089,779,38,8/28/2024
2090,1307,23,5/10/2025
2091,1087,12,11/3/2024
2092,1722,15,10/26/2024
2093,1369,32,5/16/2025
2094,1632,26,9/4/2025
2095,732,35,5/7/2025
2096,606,7,8/12/2024
2097,231,19,3/5/2025
2098,1986,29,11/29/2024
2099,507,28,4/28/2024
2100,361,30,11/22/2024
2101,1353,8,12/21/2024
2102,1428,26,5/11/2024
2103,1585,31,5/15/2025
2104,1231,27,8/28/2024
2105,60,19,10/1/2024
2106,1040,14,2/22/2025
2107,125,36,11/26/2024
2108,536,21,2/25/2025
2109,802,29,3/11/2025
2110,817,17,2/25/2024
2111,550,32,8/12/2024
2112,696,3,11/11/2024
2113,917,27,8/14/2024
2114,1173,11,7/2/2025
2115,423,8,9/20/2025
2116,1251,22,5/12/2024
2117,1239,35,1/21/2024
2118,1947,2,1/23/2025
2119,185,22,12/27/2024
2120,1571,36,3/5/2024
2121,1342,4,6/15/2025
2122,432,24,7/2/2025
2123,407,11,7/2/2025
2124,811,15,10/24/2024
2125,1642,11,1/17/2025
2126,679,27,8/8/2024
2127,1133,16,1/14/2024
2128,74,2,6/23/2025
2129,210,33,2/11/2025
2130,1621,32,2/13/2024
2131,322,19,11/4/2024
2132,50,15,10/8/2025
2133,1582,16,2/4/2024
2134,558,8,1/21/2025
2135,1343,26,5/14/2024
2136,1676,18,3/27/2024
2137,157,5,5/31/2025
2138,1479,27,1/21/2024
2139,31,35,9/11/2025
2140,1883,10,4/7/2024
2141,1508,38,2/4/2025
2142,398,39,11/15/2024
2143,1608,21,3/11/2025
2144,1050,2,11/5/2024
2145,562,30,7/26/2024
2146,205,17,11/2/2025
2147,1181,31,1/20/2025
2148,597,28,4/5/2024
2149,456,27,7/28/2025
2150,571,31,10/18/2024
2151,1859,35,6/2/2025
2152,501,25,1/18/2024
2153,1018,26,1/16/2025
2154,1563,35,4/20/2024
2155,927,15,8/14/2025
2156,1998,2,2/10/2025
2157,1580,15,4/2/2025
2158,758,31,7/30/2025
2159,224,20,12/6/2024
2160,295,6,4/7/2024
2161,1149,11,7/31/2024
2162,1772,32,8/30/2025
2163,512,6,5/24/2024
2164,826,40,4/29/2025
2165,1072,37,8/26/2024
2166,121,32,9/15/2024
2167,844,20,12/11/2024
2168,1709,10,2/7/2024
2169,659,37,9/5/2025
2170,833,1,10/1/2024
2171,1414,14,7/29/2025
2172,1628,32,7/12/2025
2173,1024,21,10/29/2025
2174,483,21,4/17/2025
2175,1452,31,6/10/2025
2176,1137,6,4/17/2024
2177,872,5,1/19/2025
2178,261,1,6/14/2024
2179,1065,8,6/19/2024
2180,405,29,4/26/2024
2181,80,28,5/22/2025
2182,350,34,5/13/2025
2183,287,36,3/4/2025
2184,818,1,10/30/2024
2185,241,28,10/28/2024
2186,1475,18,6/19/2025
2187,661,40,1/15/2025
2188,1155,11,5/24/2024
2189,595,34,7/28/2024
2190,1645,40,1/15/2025
2191,1064,39,9/14/2024
2192,967,30,8/3/2024
2193,1918,22,5/18/2024
2194,337,34,4/30/2025
2195,21,21,3/2/2025
2196,368,10,4/26/2025
2197,138,1,11/15/2024
2198,1437,13,7/23/2024
2199,1422,7,7/4/2025
2200,940,22,4/6/2024
2201,126,40,4/24/2025
2202,1218,11,3/9/2024
2203,718,36,8/19/2024
2204,707,1,7/16/2024
2205,563,19,3/12/2025
2206,1197,20,1/11/2025
2207,1279,26,9/17/2024
2208,1150,35,10/18/2025
2209,1351,13,3/20/2024
2210,1214,10,4/15/2024
2211,1497,14,10/13/2024
2212,366,17,7/31/2025
2213,210,9,6/18/2025
2214,1203,25,12/4/2024
2215,1179,38,9/11/2025
2216,568,40,4/29/2025
2217,429,11,1/3/2024
2218,1605,15,8/9/2024
2219,188,40,5/30/2024
2220,294,11,5/1/2025
2221,1792,1,11/27/2024
2222,160,4,5/20/2024
2223,1048,29,3/11/2025
2224,1362,31,11/30/2024
2225,620,33,4/30/2024
2226,494,36,2/6/2025
2227,773,25,4/30/2025
2228,728,20,6/18/2025
2229,650,34,3/21/2024
2230,1809,39,8/7/2024
2231,1957,11,10/10/2025
2232,1708,18,5/26/2024
2233,1721,28,7/27/2025
2234,905,32,9/13/2024
2235,1404,8,7/25/2025
2236,1843,28,10/29/2025
2237,714,12,1/26/2024
2238,1774,24,4/22/2025
2239,1579,23,3/10/2025
2240,438,40,7/27/2025
2241,1795,13,1/26/2025
2242,767,12,1/11/2024
2243,402,29,1/4/2025
2244,1078,13,1/6/2024
2245,1201,20,12/2/2024
2246,193,24,9/16/2024
2247,1030,1,9/13/2025
2248,560,3,10/24/2025
2249,564,31,2/11/2025
2250,90,17,10/7/2024
2251,1281,4,8/8/2025
2252,1687,2,4/27/2025
2253,1245,30,5/17/2025
2254,356,31,10/25/2025
2255,1538,35,4/16/2024
2256,79,24,1/30/2024
2257,1256,10,6/30/2024
2258,1784,9,3/25/2024
2259,860,8,2/27/2024
2260,909,4,11/17/2024
2261,200,35,10/11/2024
2262,1747,13,11/1/2025
2263,1258,2,12/6/2024
2264,1715,21,6/22/2024
2265,1855,38,1/10/2025
2266,1058,1,2/16/2025
2267,853,4,3/7/2024
2268,396,33,5/31/2024
2269,1493,18,3/26/2024
2270,354,29,2/15/2024
2271,565,39,7/22/2024
2272,1411,33,2/23/2025
2273,355,1,11/14/2024
2274,561,36,12/25/2024
2275,242,22,4/22/2025
2276,1164,6,8/2/2025
2277,1906,30,3/31/2024
2278,239,6,7/5/2024
2279,1495,6,7/9/2024
2280,651,38,10/3/2025
2281,1978,2,6/22/2024
2282,1616,1,8/10/2024
2283,1307,24,4/16/2025
2284,167,16,11/11/2024
2285,1715,13,5/15/2024
2286,636,4,1/23/2025
2287,1446,19,7/1/2024
2288,572,9,8/1/2025
2289,647,27,8/19/2024
2290,1711,13,10/6/2024
2291,1810,13,6/30/2024
2292,605,17,3/26/2025
2293,542,6,5/16/2025
2294,728,38,1/7/2025
2295,715,34,4/5/2025
2296,1699,11,2/7/2024
2297,1945,38,1/29/2025
2298,319,35,8/5/2025
2299,432,28,12/21/2024
2300,1324,19,7/31/2024
2301,701,33,7/18/2025
2302,1700,18,4/2/2024
2303,1052,14,9/21/2024
2304,447,30,9/24/2024
2305,65,8,6/13/2025
2306,1349,12,5/1/2025
2307,287,30,8/23/2025
2308,662,24,7/31/2025
2309,774,38,2/4/2024
2310,661,7,10/6/2025
2311,735,1,6/11/2024
2312,864,31,12/8/2024
2313,690,7,7/10/2024
2314,1871,23,11/9/2024
2315,334,30,7/13/2025
2316,382,2,3/25/2025
2317,1658,40,4/12/2025
2318,1216,37,3/21/2025
2319,1497,26,4/29/2025
2320,1709,16,9/15/2024
2321,1482,24,9/7/2025
2322,692,31,2/14/2025
2323,615,3,8/27/2024
2324,1563,33,4/20/2024
2325,863,28,10/2/2024
2326,1954,37,2/14/2025
2327,1215,2,6/16/2024
2328,1049,11,11/3/2024
2329,1816,39,6/20/2025
2330,407,37,5/22/2024
2331,267,22,2/25/2024
2332,1988,6,11/12/2024
2333,1624,10,12/20/2024
2334,940,26,6/18/2024
2335,944,1,5/31/2024
2336,411,12,11/4/2024
2337,630,6,7/8/2024
2338,484,14,3/23/2025
2339,185,16,6/6/2024
2340,1403,36,1/18/2025
2341,11,31,6/12/2024
2342,706,7,4/27/2025
2343,1127,26,8/5/2024
2344,1870,31,1/20/2025
2345,1703,30,9/5/2024
2346,1563,7,1/31/2025
2347,264,21,5/16/2024
2348,819,21,10/16/2024
2349,1679,28,9/3/2025
2350,807,35,3/14/2024
2351,711,32,8/23/2025
2352,56,15,9/15/2025
2353,365,16,1/12/2025
2354,742,22,5/28/2025
2355,1686,1,9/17/2025
2356,1228,26,3/20/2024
2357,1323,15,5/21/2024
2358,1024,13,2/15/2024
2359,433,20,3/21/2025
2360,191,22,1/28/2025
2361,1340,12,3/11/2025
2362,309,19,11/14/2024
2363,793,31,2/5/2024
2364,535,27,7/2/2024
2365,335,26,6/13/2025
2366,1709,7,4/21/2025
2367,1652,6,12/20/2024
2368,1406,7,11/2/2025
2369,1767,26,1/13/2024
2370,330,21,5/11/2024
2371,1177,33,1/28/2025
2372,1406,30,1/12/2024
2373,996,26,3/8/2025
2374,1580,4,11/6/2024
2375,871,17,10/11/2025
2376,238,39,4/6/2025
2377,1029,24,4/29/2025
2378,1459,22,7/1/2025
2379,1991,24,4/24/2024
2380,1609,12,3/10/2025
2381,1089,25,3/22/2024
2382,308,1,12/11/2024
2383,1942,38,9/21/2024
2384,405,33,9/21/2025
2385,1491,30,3/21/2025
2386,100,30,10/15/2024
2387,82,8,5/16/2025
2388,943,24,2/21/2024
2389,1822,39,1/13/2025
2390,517,28,12/11/2024
2391,1383,19,1/25/2024
2392,1112,18,7/2/2024
2393,601,23,3/3/2025
2394,36,29,11/28/2024
2395,610,3,9/2/2025
2396,229,23,2/7/2024
2397,1089,26,9/11/2024
2398,359,6,7/1/2025
2399,194,9,5/28/2024
2400,1297,32,3/17/2025
2401,1829,18,12/19/2024
2402,1991,30,9/24/2025
2403,500,34,8/5/2025
2404,939,3,3/19/2024
2405,669,24,2/9/2024
2406,301,39,10/15/2025
2407,1664,7,1/26/2025
2408,1050,6,12/11/2024
2409,1900,20,3/8/2025
2410,821,2,7/7/2024
2411,1947,17,10/30/2025
2412,1522,6,3/19/2025
2413,1977,8,7/15/2024
2414,1170,17,11/6/2024
2415,1261,33,7/6/2025
2416,1750,16,2/20/2024
2417,767,37,4/29/2025
2418,441,28,10/8/2024
2419,1530,12,10/10/2024
2420,1028,3,9/11/2025
2421,817,12,10/18/2024
2422,559,1,2/20/2025
2423,425,2,2/28/2025
2424,1346,9,10/8/2024
2425,547,30,9/5/2025
2426,1619,21,4/9/2024
2427,454,15,1/19/2024
2428,1453,21,8/14/2024
2429,131,40,10/21/2024
2430,1492,39,4/16/2025
2431,1205,27,10/12/2025
2432,1220,22,7/8/2025
2433,797,31,7/25/2025
2434,26,22,12/14/2024
2435,655,23,3/31/2025
2436,311,30,5/25/2025
2437,432,35,6/23/2024
2438,1379,25,9/18/2024
2439,826,3,8/8/2025
2440,1982,6,10/8/2025
2441,997,36,12/19/2024
2442,171,14,6/26/2025
2443,757,20,10/25/2024
2444,1538,21,4/7/2025
2445,1382,30,1/31/2024
2446,320,40,8/21/2025
2447,342,40,12/26/2024
2448,1157,28,3/1/2025
2449,1567,2,10/17/2024
2450,1140,32,8/28/2024
2451,769,35,5/14/2024
2452,776,39,5/6/2024
2453,199,26,8/11/2024
2454,433,8,8/7/2025
2455,593,12,6/11/2024
2456,1571,26,7/17/2025
2457,837,23,8/10/2024
2458,857,39,10/12/2024
2459,655,24,10/7/2025
2460,217,21,5/29/2025
2461,1097,35,2/5/2025
2462,462,26,5/21/2025
2463,1550,30,10/20/2024
2464,1692,29,6/9/2024
2465,1893,12,2/13/2025
2466,591,1,6/29/2025
2467,1700,22,4/20/2025
2468,1344,12,4/10/2024
2469,786,38,10/30/2025
2470,857,27,2/24/2025
2471,387,2,9/25/2025
2472,460,9,9/16/2025
2473,1270,33,3/23/2024
2474,1228,37,2/22/2025
2475,1937,2,11/28/2024
2476,1249,16,6/19/2024
2477,1166,31,4/3/2024
2478,1950,24,1/24/2024
2479,1522,39,10/31/2025
2480,798,36,6/7/2025
2481,1769,13,6/14/2024
2482,938,24,9/2/2024
2483,359,31,7/23/2024
2484,661,9,10/27/2024
2485,133,2,7/30/2024
2486,1183,30,4/15/2025
2487,502,39,3/30/2025
2488,496,12,4/17/2025
2489,1025,8,9/10/2025
2490,1716,22,6/12/2024
2491,502,30,3/12/2024
2492,15,3,2/20/2025
2493,1776,34,4/26/2025
2494,1766,25,3/13/2024
2495,1604,27,9/23/2024
2496,1810,35,5/3/2024
2497,1466,39,10/24/2025
2498,1094,2,3/25/2025
2499,985,4,10/26/2024
2500,1663,26,2/10/2024
2501,745,26,6/7/2025
2502,1289,29,3/14/2025
2503,1613,8,4/16/2024
2504,299,17,8/16/2025
2505,1544,8,6/22/2024
2506,751,27,11/3/2025
2507,696,10,9/5/2024
2508,1630,31,8/3/2024
2509,542,7,12/3/2024
2510,1315,5,4/14/2025
2511,1842,32,9/7/2024
2512,1551,17,12/16/2024
2513,605,29,12/4/2024
2514,1613,29,9/21/2024
2515,1164,18,8/31/2025
2516,74,9,5/31/2024
2517,1069,19,1/27/2024
2518,453,24,7/31/2025
2519,743,19,11/10/2024
2520,1935,11,8/4/2025
2521,1299,20,5/1/2025
2522,1461,29,10/28/2024
2523,317,9,5/30/2024
2524,1245,19,1/28/2025
2525,527,15,1/29/2024
2526,1743,14,8/20/2025
2527,621,10,8/21/2025
2528,25,17,1/7/2025
2529,1477,33,6/13/2025
2530,832,31,9/25/2025
2531,1844,11,12/18/2024
2532,1319,10,8/24/2025
2533,1747,33,11/17/2024
2534,1072,24,1/22/2025
2535,1773,32,10/25/2025
2536,347,34,5/8/2025
2537,360,31,1/23/2025
2538,30,5,12/16/2024
2539,461,20,7/30/2024
2540,460,10,10/11/2024
2541,1247,8,10/27/2025
2542,404,23,5/25/2025
2543,941,37,10/15/2025
2544,1857,1,6/20/2025
2545,1840,15,7/26/2024
2546,745,3,2/12/2025
2547,1283,7,12/3/2024
2548,1040,5,10/4/2024
2549,1134,35,7/4/2025
2550,1788,6,2/27/2024
2551,915,37,6/19/2025
2552,508,16,9/19/2024
2553,1633,12,10/28/2025
2554,1757,16,8/21/2024
2555,1413,30,6/30/2024
2556,83,39,9/29/2024
2557,1131,18,4/3/2024
2558,1522,13,3/6/2024
2559,1856,9,6/19/2025
2560,621,4,7/31/2024
2561,467,16,8/22/2025
2562,1560,38,5/3/2025
2563,951,7,7/3/2025
2564,1806,4,11/22/2024
2565,1618,5,7/20/2024
2566,980,8,3/28/2025
2567,171,31,7/21/2024
2568,205,35,8/26/2025
2569,441,39,5/13/2025
2570,615,37,1/10/2024
2571,1192,28,4/24/2024
2572,1475,29,10/20/2025
2573,399,38,10/12/2025
2574,1259,30,1/1/2024
2575,516,27,9/7/2025
2576,555,32,10/8/2025
2577,362,22,6/3/2025
2578,990,33,10/17/2024
2579,1949,20,9/27/2024
2580,1777,35,9/11/2024
2581,699,18,7/28/2025
2582,1031,20,10/2/2025
2583,902,8,7/5/2024
2584,999,1,11/22/2024
2585,1830,33,4/26/2025
2586,1016,11,7/2/2024
2587,135,28,11/7/2024
2588,194,29,12/16/2024
2589,1307,35,7/6/2024
2590,397,7,8/25/2024
2591,437,20,5/28/2025
2592,626,21,6/27/2025
2593,967,7,11/3/2024
2594,1900,40,8/3/2024
2595,1170,10,11/27/2024
2596,321,13,2/9/2025
2597,1610,11,6/10/2024
2598,1250,11,11/29/2024
2599,1960,34,4/30/2025
2600,1339,39,3/2/2025
2601,1597,18,8/22/2024
2602,1911,17,4/28/2025
2603,1914,20,1/14/2025
2604,297,20,12/7/2024
2605,1489,23,11/18/2024
2606,922,20,3/11/2025
2607,1154,26,3/3/2025
2608,12,26,2/26/2024
2609,1984,27,12/28/2024
2610,1323,9,4/12/2025
2611,1571,18,1/20/2024
2612,1677,13,8/1/2024
2613,1356,17,10/28/2024
2614,1706,24,1/25/2024
2615,660,28,1/26/2025
2616,668,36,7/27/2025
2617,1514,13,8/8/2024
2618,1265,33,3/26/2025
2619,1754,18,4/19/2024
2620,153,16,6/13/2024
2621,667,31,8/30/2025
2622,963,3,2/3/2025
2623,1409,32,9/12/2024
2624,574,39,8/23/2025
2625,769,4,4/13/2024
2626,115,22,10/9/2024
2627,1102,24,3/24/2025
2628,1892,19,4/23/2024
2629,967,9,3/16/2024
2630,665,27,6/4/2024
2631,1790,10,8/26/2025
2632,613,37,7/23/2024
2633,1151,6,3/24/2025
2634,503,21,8/9/2025
2635,1120,17,7/24/2025
2636,1088,19,1/23/2024
2637,288,5,11/17/2024
2638,1961,24,4/1/2025
2639,1531,14,7/7/2024
2640,658,30,8/21/2024
2641,944,24,12/7/2024
2642,408,17,9/18/2024
2643,1237,2,5/23/2024
2644,245,27,3/13/2025
2645,812,32,2/19/2024
2646,1704,34,3/2/2024
2647,1870,33,1/17/2025
2648,34,37,3/23/2025
2649,66,33,11/30/2024
2650,1619,35,5/18/2025
2651,579,37,12/7/2024
2652,1300,5,3/18/2024
2653,1158,6,7/25/2025
2654,1599,8,6/28/2025
2655,325,33,3/30/2024
2656,1176,30,9/16/2025
2657,1332,13,3/15/2024
2658,1572,28,10/10/2024
2659,954,29,6/4/2024
2660,1333,22,3/15/2024
2661,373,37,12/13/2024
2662,930,34,3/18/2025
2663,1822,2,2/15/2025
2664,1178,19,1/7/2024
2665,1278,25,1/20/2024
2666,18,15,11/26/2024
2667,875,10,9/22/2024
2668,1753,15,8/21/2025
2669,1382,21,6/29/2025
2670,938,13,8/11/2025
2671,1896,23,8/13/2025
2672,313,13,5/31/2024
2673,423,20,7/4/2024
2674,207,2,6/30/2025
2675,1233,3,5/10/2024
2676,1107,23,3/11/2024
2677,671,21,8/23/2024
2678,1348,14,7/25/2024
2679,621,11,3/10/2025
2680,556,15,8/10/2024
2681,1582,23,1/28/2024
2682,282,29,5/6/2024
2683,1709,25,1/27/2024
2684,910,14,1/24/2025
2685,101,29,3/25/2025
2686,818,13,7/29/2024
2687,1579,25,8/27/2025
2688,1669,8,4/5/2024
2689,1986,12,6/2/2025
2690,1871,38,6/12/2025
2691,250,11,8/2/2024
2692,247,32,9/11/2025
2693,734,21,3/1/2025
2694,392,14,4/2/2024
2695,1638,33,1/3/2025
2696,979,17,6/4/2025
2697,230,30,1/17/2024
2698,15,25,3/6/2025
2699,820,7,12/29/2024
2700,739,20,3/7/2024
2701,890,20,8/22/2024
2702,1437,6,10/28/2025
2703,1319,25,4/27/2025
2704,33,18,10/24/2025
2705,1838,21,2/16/2024
2706,289,16,6/30/2024
2707,1157,1,5/11/2024
2708,1063,10,5/23/2024
2709,1424,31,2/9/2024
2710,126,39,8/2/2024
2711,1775,19,1/15/2025
2712,1265,27,6/10/2024
2713,859,12,6/27/2024
2714,1918,34,6/4/2024
2715,1520,12,1/8/2025
2716,1801,8,6/15/2024
2717,62,32,7/27/2024
2718,627,26,10/2/2025
2719,765,17,9/28/2025
2720,658,2,1/27/2024
2721,680,2,4/26/2025
2722,71,10,2/21/2025
2723,96,35,1/21/2025
2724,1562,39,6/21/2025
2725,348,11,4/12/2024
2726,31,23,8/16/2024
2727,189,27,3/8/2024
2728,231,31,4/20/2025
2729,851,35,3/26/2025
2730,276,39,10/14/2025
2731,2,20,5/2/2025
2732,962,17,5/11/2024
2733,662,35,1/9/2025
2734,1960,40,4/8/2024
2735,979,32,8/7/2025
2736,402,9,8/12/2024
2737,1055,9,5/26/2024
2738,462,6,4/7/2024
2739,1469,26,10/16/2024
2740,1817,40,4/17/2024
2741,512,15,9/13/2024
2742,379,20,12/2/2024
2743,1456,30,8/27/2025
2744,1065,34,8/14/2025
2745,1810,18,5/14/2024
2746,672,28,1/18/2025
2747,1355,10,8/16/2025
2748,1509,3,1/29/2025
2749,1295,4,7/21/2024
2750,374,1,5/26/2024
2751,1300,3,8/31/2024
2752,332,26,11/26/2024
2753,24,37,5/7/2025
2754,991,23,7/11/2024
2755,1288,37,2/19/2025
2756,926,14,4/9/2025
2757,1273,17,7/12/2025
2758,901,8,10/13/2024
2759,1343,33,12/11/2024
2760,691,12,9/18/2024
2761,699,32,7/16/2025
2762,935,7,12/16/2024
2763,1564,34,9/26/2024
2764,130,24,3/12/2025
2765,1316,2,7/10/2025
2766,259,7,8/20/2024
2767,1997,30,4/23/2024
2768,247,36,10/29/2024
2769,259,23,11/10/2024
2770,927,28,7/20/2025
2771,1925,6,5/31/2025
2772,374,26,6/7/2025
2773,400,10,8/15/2024
2774,1590,2,7/22/2024
2775,1503,23,6/22/2025
2776,1231,10,7/30/2025
2777,1762,34,6/21/2025
2778,97,35,1/6/2025
2779,1105,15,6/27/2025
2780,342,24,6/11/2024
2781,206,11,10/12/2025
2782,1300,40,8/19/2024
2783,1727,10,7/7/2025
2784,1930,40,3/10/2025
2785,1758,13,10/12/2024
2786,101,26,10/30/2024
2787,799,34,3/7/2025
2788,1831,31,4/24/2025
2789,660,9,11/3/2024
2790,1,5,9/14/2024
2791,1451,36,11/15/2024
2792,428,40,8/31/2025
2793,1965,5,3/1/2024
2794,1547,27,5/23/2024
2795,295,31,6/13/2024
2796,1566,16,2/4/2025
2797,1611,11,10/23/2025
2798,859,26,8/28/2025
2799,397,16,12/24/2024
2800,145,15,10/9/2024
2801,288,26,5/6/2024
2802,1487,38,6/4/2024
2803,422,29,5/25/2024
2804,1377,18,12/1/2024
2805,23,8,6/17/2025
2806,638,34,4/15/2024
2807,1581,39,4/27/2025
2808,476,29,11/1/2024
2809,1684,8,7/8/2025
2810,1522,40,4/10/2025
2811,315,5,12/15/2024
2812,1793,18,2/11/2024
2813,782,17,4/25/2024
2814,1284,30,3/12/2025
2815,1199,11,5/13/2025
2816,1554,19,8/18/2024
2817,1071,7,3/31/2024
2818,1499,39,9/5/2025
2819,1772,24,9/4/2024
2820,1781,32,3/18/2025
2821,864,4,10/15/2025
2822,216,18,10/9/2024
2823,1853,17,10/17/2025
2824,1041,22,3/5/2025
2825,1366,17,12/31/2024
2826,171,1,4/13/2024
2827,1461,32,9/5/2024
2828,1200,32,8/14/2024
2829,1211,28,9/29/2024
2830,213,32,7/28/2025
2831,1243,37,1/19/2025
2832,1243,34,1/26/2025
2833,87,39,4/20/2024
2834,1210,7,8/12/2025
2835,195,8,9/1/2024
2836,739,38,9/10/2025
2837,864,26,2/10/2024
2838,712,29,4/16/2025
2839,1175,34,2/8/2024
2840,1926,26,10/5/2025
2841,1525,28,1/27/2024
2842,443,37,7/4/2024
2843,50,22,4/11/2024
2844,599,27,1/30/2024
2845,1494,30,9/16/2024
2846,735,23,12/26/2024
2847,1994,16,10/10/2024
2848,914,4,11/28/2024
2849,939,17,6/13/2024
2850,429,36,7/14/2025
2851,1328,21,2/14/2025
2852,1543,23,6/25/2024
2853,1730,32,4/1/2024
2854,684,23,9/23/2025
2855,1103,15,11/20/2024
2856,1698,20,4/13/2024
2857,1873,6,10/16/2025
2858,832,21,9/28/2025
2859,1019,12,1/26/2025
2860,415,17,5/12/2025
2861,719,22,3/24/2025
2862,1835,24,6/12/2024
2863,1965,11,11/26/2024
2864,33,8,7/13/2024
2865,1192,20,6/2/2025
2866,1435,36,10/30/2024
2867,1550,36,7/5/2025
2868,365,26,9/25/2025
2869,1425,5,7/22/2024
2870,192,6,9/4/2025
2871,1874,26,9/26/2024
2872,299,22,6/29/2025
2873,725,26,5/16/2024
2874,1887,25,4/16/2024
2875,1731,19,9/20/2025
2876,1168,6,11/27/2024
2877,461,29,2/11/2024
2878,504,36,6/7/2024
2879,1368,18,1/27/2024
2880,1013,15,8/12/2024
2881,503,15,3/26/2025
2882,1327,14,5/28/2024
2883,26,19,9/6/2024
2884,1976,2,9/18/2025
2885,990,29,2/28/2025
2886,1140,36,8/4/2025
2887,394,27,7/9/2024
2888,1737,34,8/17/2025
2889,819,37,1/31/2025
2890,1530,17,1/7/2025
2891,1646,17,3/17/2025
2892,759,24,8/28/2024
2893,656,35,12/31/2024
2894,158,9,11/25/2024
2895,1762,16,7/5/2025
2896,1186,9,4/8/2024
2897,1879,33,5/2/2025
2898,1097,21,4/17/2024
2899,1654,39,8/21/2024
2900,1475,23,10/22/2025
2901,2000,36,8/17/2024
2902,953,18,8/11/2025
2903,1714,4,4/16/2025
2904,1268,29,5/24/2025
2905,1211,28,3/7/2024
2906,1953,11,1/23/2024
2907,1147,29,7/26/2025
2908,1332,4,12/21/2024
2909,977,10,3/6/2024
2910,1397,23,3/7/2024
2911,1956,18,8/6/2025
2912,517,2,9/4/2025
2913,1006,28,5/16/2024
2914,812,14,4/7/2025
2915,635,35,11/7/2024
2916,677,15,8/6/2025
2917,1636,33,2/20/2025
2918,296,35,8/23/2025
2919,645,1,9/16/2025
2920,109,23,8/24/2025
2921,246,5,9/20/2025
2922,131,34,2/27/2025
2923,1496,11,7/18/2024
2924,510,39,7/2/2024
2925,1712,12,1/31/2024
2926,1330,32,5/2/2024
2927,680,6,4/6/2024
2928,1938,26,8/10/2025
2929,1436,25,2/21/2025
2930,781,31,5/21/2024
2931,1736,22,7/6/2024
2932,197,20,12/29/2024
2933,364,28,9/15/2024
2934,1024,6,7/7/2024
2935,534,26,7/24/2024
2936,465,23,10/24/2025
2937,1297,6,12/13/2024
2938,926,7,6/20/2025
2939,528,2,9/12/2025
2940,125,36,3/1/2024
2941,1399,24,4/7/2024
2942,346,1,6/25/2025
2943,26,1,11/30/2024
2944,788,20,1/29/2024
2945,1639,37,7/30/2025
2946,768,5,6/25/2024
2947,387,40,5/25/2025
2948,373,35,8/11/2024
2949,1999,23,4/9/2024
2950,1787,10,9/6/2025
2951,767,37,6/30/2024
2952,1826,29,6/30/2024
2953,1040,10,3/31/2025
2954,63,40,2/9/2024
2955,1916,35,5/3/2024
2956,1654,20,10/25/2024
2957,221,23,7/3/2024
2958,1209,34,6/20/2024
2959,1844,7,5/24/2025
2960,396,39,6/7/2024
2961,1256,22,4/10/2025
2962,1902,36,2/2/2025
2963,1606,29,4/29/2024
2964,1370,36,3/8/2024
2965,693,16,1/9/2025
2966,290,16,5/17/2025
2967,386,26,2/12/2024
2968,734,4,5/6/2025
2969,1661,38,4/11/2024
2970,1737,34,4/3/2024
2971,1359,21,6/23/2025
2972,1154,37,6/28/2025
2973,1069,26,7/13/2025
2974,1318,13,10/16/2024
2975,657,9,4/3/2025
2976,1564,13,10/26/2024
2977,1934,28,2/17/2025
2978,892,25,3/25/2024
2979,1005,2,5/18/2025
2980,214,21,7/28/2025
2981,992,40,2/2/2025
2982,627,32,10/21/2024
2983,1579,4,6/24/2025
2984,1703,3,7/11/2024
2985,1940,6,11/10/2024
2986,1828,38,8/7/2025
2987,1112,12,10/18/2025
2988,643,4,7/1/2025
2989,58,4,11/6/2024
2990,789,13,12/26/2024
2991,1975,35,2/23/2024
2992,1688,28,6/4/2025
2993,1074,12,6/4/2025
2994,760,3,8/7/2024
2995,203,30,7/9/2024
2996,1828,15,11/23/2024
2997,150,14,5/22/2025
2998,424,37,10/17/2025
2999,1256,1,2/16/2024
3000,1889,25,7/29/2024
